0.007066146845953833;0.0015790088
0.001445509097171261;0.0013655047
0.001306261897430216;0.0012693931
0.0012411067801478663;0.0012186479
0.0012031375377831099;0.0011849703
0.001166979115162241;0.0011570103
0.00114988566082167;0.0011547004
0.0011419907338476103;0.0011499971
0.001136505061417426;0.0011389321
0.0011302688313452036;0.0011288516
0.0011236208063354226;0.0011252369
0.0011190998180475283;0.001121861
0.0011156680831979765;0.0011202006
0.0011130511157802845;0.0011205833
0.0011113144209804503;0.0011158088
0.0011096437632008211;0.0011115317
0.0011082273657972875;0.0011103883
0.0011071149001853835;0.0011081458
0.0011063603721068879;0.0011098861
0.0011044680988906246;0.0011072991
0.00110390050459261;0.0011060394
0.0011034516895827102;0.001110334
0.0011013184191266958;0.0011021189
0.0011002967131667231;0.0011025453
0.0010993274765726375;0.0011000445
0.0010979950343454746;0.0011045267
0.0010968878346274754;0.0010993459
0.0010956739364069348;0.0010982564
0.0010951977159435811;0.0010964148
0.0010939694632849607;0.0011079784
0.001092955118755957;0.0011010634
0.001091963966303554;0.0010987712
0.0010920092073808375;0.0010942357
0.0010909924227866883;0.0011049135
0.0010906850685684108;0.0010913244
0.0010900003005946545;0.0010909942
0.0010888056004248364;0.0011004388
0.0010882051192273043;0.0010908511
0.0010876850691305376;0.0010919976
0.001087084822663057;0.00109207
0.001086785193214095;0.0010905553
0.0010860870138889082;0.0010913145
0.001086065546045766;0.0010876923
0.0010851487186492273;0.0010934554
0.0010851126091285168;0.0010925181
0.0010849676643939394;0.0010874879
0.0010841234764206763;0.0010867366
0.0010842737782207367;0.0010889779
0.001083762777760919;0.0010879436
0.0010830331822906279;0.0010847898
0.0010821544927986045;0.0010873765
0.0010818697472936229;0.0010868121
0.0010819411465873648;0.0010948926
0.0010808776864953535;0.0010849041
0.0010801323260621804;0.0010849261
0.001079922426050823;0.0010856997
0.0010790775059477278;0.0010812846
0.0010787634650784497;0.0010821037
0.0010781982434472364;0.0010801739
0.0010777507678875209;0.0010814922
0.0010773114262663415;0.001081634
0.0010771323143700627;0.0010809842
0.0010771380443934744;0.0010838968
0.0010771293522128344;0.0010812526
0.0010759947534135885;0.0010835342
0.0010762305693137215;0.0010840005
0.0010760311550754857;0.0010797037
0.001075334538105189;0.0010800146
0.0010757745106974126;0.0010804248
0.001074797407613675;0.0010776412
0.0010735529813743932;0.0010760081
0.0010703370388670775;0.0010764292
0.001070090684561843;0.0010730141
0.0010691466167765229;0.001074527
0.0010693830681817705;0.0010743659
0.001068007292679364;0.0010698895
0.0010629775714570363;0.0010646891
0.0010594188089874622;0.0010618822
0.0010548867897351125;0.0010642163
0.0010484810554618506;0.0010490115
0.0010439129449476144;0.001053848
0.0010420451450504754;0.001044449
0.0010406573510753285;0.0010486849
0.0010401625040992114;0.0010441194
0.0010395328807154376;0.0010446626
0.0010395424376168337;0.0010428843
0.001039032946205943;0.0010432062
0.0010385744302460042;0.0010473724
0.0010381622344721108;0.0010414626
0.0010375563762959484;0.0010423706
0.0010370372301947914;0.001040863
0.0010372829682340748;0.0010407886
0.001037055411572127;0.0010462864
0.0010360458765276952;0.0010404236
0.0010360387587111052;0.0010475501
0.001036066951070863;0.0010421496
0.0010356338316035506;0.0010387399
0.0010355188326272918;0.0010394452
0.0010357068457003487;0.0010423517
0.0010351448099275953;0.0010564697
0.001035210842720086;0.0010393112
0.0010346096435463743;0.0010404132
0.0010346245270614562;0.0010386277
0.0010345379834210402;0.0010393051
0.0010343070702602793;0.0010479401
0.0010345692083386607;0.0010393367
0.0010344051844808028;0.0010435656
0.001033989736981886;0.0010394393
0.001034185275754058;0.0010380474
0.0010335949582268337;0.0010398362
0.0010331455145129247;0.0010365437
0.0010334929842256795;0.0010444854
0.0010330839431231939;0.0010398625
0.001033112066246471;0.0010427884
0.0010327190932156029;0.0010401492
0.001031945374316389;0.0010395633
0.0010315562893121845;0.0010383435
0.0010310344756458347;0.0010344168
0.001030472008952577;0.001036865
0.0010303628972829564;0.0010384693
0.0010302193455496117;0.0010344627
0.0010293388918140216;0.0010350461
0.0010293726657370204;0.0010351818
0.0010283431702440505;0.0010318889
0.0010284016427191856;0.0010371236
0.0010282607104531245;0.0010354926
0.0010279471789315148;0.0010315195
0.0010275334028502633;0.0010352818
0.001027206887466539;0.0010318852
0.0010274288969996728;0.0010303484
0.0010264300733290024;0.0010345078
0.0010270507571189418;0.0010332905
0.0010267233348598605;0.0010322679
0.0010262762195136594;0.0010305288
0.001026340649696067;0.0010307382
0.0010260013104293887;0.0010370021
0.001026325753742927;0.0010298775
0.0010261688439641148;0.0010325034
0.001026098551351185;0.0010313193
0.0010257918936641592;0.0010303723
0.0010260391962028255;0.0010290209
0.0010256522180095904;0.0010283279
0.0010250337418830511;0.0010302373
0.001025528120195591;0.0010299372
0.0010253572883697128;0.0010330462
0.0010252075694427874;0.0010315916
0.001025439196964726;0.0010318313
0.0010254475639177192;0.0010274178
0.0010250758811659916;0.0010324616
0.0010248870995679968;0.0010309336
0.0010251150625194179;0.0010308294
0.0010247706123750265;0.0010329463
0.001024881378612726;0.0010280246
0.0010248409364200933;0.0010288968
0.0010246728673748869;0.0010281409
0.0010248608245685892;0.0010443398
0.0010243234405980298;0.0010334298
0.0010249448809650187;0.0010288105
0.001024270831595028;0.0010313005
0.0010240922900112835;0.0010290928
0.001024416753544325;0.0010372964
0.0010241227837181404;0.0010317642
0.0010240511186298375;0.0010298186
0.0010240499039278611;0.0010333272
0.0010237135078243324;0.0010267561
0.001023623095947857;0.0010267011
0.0010236239634870896;0.0010293213
0.0010233946518335296;0.0010317585
0.0010234392548935782;0.0010287852
0.001023117553957395;0.0010296718
0.001023407591274008;0.0010341231
0.001023551780534418;0.0010268132
0.0010229189675546398;0.0010333956
0.0010231900453493978;0.0010272333
0.0010227482734051973;0.0010266023
0.001023268332570105;0.0010276517
0.0010230473566212152;0.001028629
0.0010229007500885544;0.0010261099
0.0010227223322726786;0.0010274932
0.0010227965962411347;0.001029176
0.001022794090799595;0.0010297506
0.0010225401382501188;0.001030438
0.0010223906275840771;0.0010286012
0.0010226551095930566;0.0010257842
0.0010220602523584507;0.0010340711
0.0010226349763596725;0.0010271643
0.0010224746697043118;0.0010253147
0.0010223455317195896;0.0010290081
0.0010219636539266885;0.0010270234
0.0010222825020135037;0.001027595
0.0010220239052892122;0.0010269228
0.0010219941868471276;0.0010264228
0.0010222346764548044;0.0010267065
0.0010219000899355467;0.0010289905
0.0010216473107299718;0.0010292549
0.0010221963815734182;0.0010266373
0.0010212362069930685;0.001026204
0.001021724439373142;0.0010251071
0.001021779017510677;0.0010352606
0.0010217606831390998;0.001029088
0.0010215554363706982;0.0010255752
0.0010214967835130856;0.0010303137
0.0010216346838952679;0.0010317126
0.001021448947967177;0.0010253347
0.0010214954961434398;0.0010252099
0.0010208022235402544;0.0010245197
0.001021005349956747;0.0010238762
0.0010214686505251418;0.001035961
0.0010211352943932932;0.0010273079
0.0010213579287703491;0.00102855
0.0010209210341379634;0.0010330803
0.0010211272568956605;0.0010256211
0.0010211111232025646;0.0010244417
0.001020737305761462;0.0010281389
0.0010208040731346333;0.001028112
0.0010208787691264756;0.001029314
0.0010211312977940236;0.0010259676
0.0010211347889669828;0.0010282969
0.0010205041536889773;0.0010248519
0.0010211675434593896;0.001024422
0.001020318175310661;0.0010258589
0.0010207110245123898;0.0010261263
0.0010209124894984263;0.0010258688
0.0010202304336953123;0.0010261198
0.001020445619268637;0.0010267105
0.0010207880644348302;0.0010245725
0.001020296499635534;0.0010241235
0.0010201907178730165;0.0010237697
0.0010198230792057552;0.0010233893
0.0010197819929913079;0.0010225953
0.001020288828784894;0.0010291027
0.0010202247337560708;0.0010240596
0.0010202441395775071;0.0010249243
0.0010199838744991115;0.0010242803
0.00101991124831042;0.0010248407
0.0010199059835193972;0.001028104
0.0010199468506892262;0.0010228778
0.0010199705356315366;0.001028834
0.001019859349318339;0.0010261209
0.0010197935208653738;0.0010254526
0.001019784593280699;0.0010243052
0.001019851060608696;0.0010235349
0.001019564065775883;0.0010244315
0.0010199073770107996;0.0010232719
0.0010194310378038177;0.0010242817
0.0010194860978395138;0.0010240959
0.0010195594376541282;0.0010234365
0.0010194330113498789;0.001026736
0.0010196164588590986;0.0010229452
0.001019542979897539;0.0010243632
0.001019430127987442;0.0010241088
0.0010192866637494023;0.0010248384
0.0010194650046086234;0.0010259956
0.0010193782451709634;0.0010266219
0.0010190754986711239;0.0010259852
0.0010194209539699122;0.0010229549
0.0010195416392832014;0.0010225985
0.0010188291308249494;0.0010253247
0.0010188772445422058;0.001024235
0.0010191310664001657;0.0010246342
0.0010192658905993756;0.0010244164
0.0010188352678730888;0.0010228511
0.0010184980008604103;0.0010225483
0.001019020734820515;0.0010248907
0.0010192283772324261;0.001023716
0.0010189968647778425;0.0010308726
0.0010190495030684887;0.0010252949
0.0010184645120324078;0.001022764
0.0010184252627291961;0.0010271883
0.001018833381577248;0.0010246394
0.00101830640415612;0.0010259999
0.001019028747625845;0.001025208
0.001018715349369143;0.0010213958
0.0010183948990398724;0.0010216645
0.0010185276663641591;0.001027824
0.001018610993142877;0.0010231964
0.0010181651721512409;0.0010303364
0.0010183656797744334;0.0010266299
0.0010189318233537242;0.0010250147
0.0010185350657832858;0.0010283024
0.0010182921751402318;0.0010236824
0.0010181548518104185;0.0010231981
0.001018224049751696;0.001023018
0.0010184405677902855;0.0010230108
0.0010179977996985575;0.001028023
0.0010183075713728995;0.001021279
0.0010181179401268692;0.0010224011
0.00101838047076997;0.0010222099
0.0010184573573918131;0.0010211874
0.001017871950936847;0.0010229895
0.0010181468200722806;0.001023211
0.0010179832697796978;0.0010248494
0.001018393662035171;0.0010265576
0.0010178611547637143;0.0010250442
0.0010179398456392319;0.0010216717
0.0010180991347021374;0.0010214925
0.001017967935859863;0.0010265027
0.0010177592341910657;0.0010283871
0.0010177661231596416;0.0010226865
0.0010177961878454018;0.0010220408
0.0010177372447460105;0.0010233435
0.0010177835219196583;0.0010222016
0.0010176805270174028;0.0010217397
0.0010176189919002354;0.0010272572
0.0010177239524445643;0.0010219713
0.0010176003683897619;0.0010249063
0.0010177166362317573;0.0010221311
0.0010175397250752308;0.0010221679
0.0010176122320301243;0.00102097
0.0010173983732238412;0.0010234541
0.001017546921012629;0.001028531
0.0010176903257563122;0.0010218523
0.0010172798232126394;0.0010289832
0.0010176265110433298;0.0010209185
0.001017517870120508;0.0010238854
0.0010169728182403274;0.0010218464
0.0010174327937420458;0.0010337533
0.0010175979827947326;0.0010221653
0.0010175369812273666;0.0010224911
0.001017061916584345;0.001027506
0.0010173411525810432;0.0010259727
0.001017203102145638;0.0010230842
0.0010172309013279646;0.0010213458
0.0010172684736991008;0.0010197122
0.001016920174067644;0.0010224862
0.001016925650918366;0.0010222547
0.0010172863225575144;0.0010228975
0.0010169214804926397;0.0010223415
0.0010168327769191053;0.0010213609
0.0010172712710367418;0.0010243718
0.0010171734174639967;0.0010332282
0.0010170121922304755;0.0010211142
0.0010167022706254532;0.0010198622
0.0010168585048890427;0.0010262664
0.001016773278273544;0.0010217458
0.0010173577859409547;0.0010283507
0.0010167166599881297;0.00102288
0.0010168129989975377;0.0010220788
0.0010167991787219713;0.0010203479
0.001016860104864463;0.0010253538
0.001016816394955018;0.001019821
0.0010172210468935143;0.0010215135
0.0010167111381643305;0.0010222232
0.0010167057789543545;0.0010221141
0.0010166532065302722;0.0010291231
0.0010167362537284038;0.0010210635
0.0010166409574939232;0.001021922
0.0010165899778152572;0.00102284
0.0010164621141494105;0.001024707
0.0010169307354494538;0.001020373
0.0010164402976730153;0.0010252873
0.0010165314610410285;0.001021168
0.0010167100934899951;0.0010214515
0.0010164652277690996;0.0010251504
0.001016509725871545;0.0010283765
0.0010167419590595128;0.0010231242
0.0010171320895958496;0.0010227165
0.0010162877962360845;0.0010202337
0.0010162114058498686;0.0010211079
0.0010162745978021504;0.0010205999
0.0010162032537137796;0.0010245454
0.0010161754249987242;0.0010233457
0.0010164256264627177;0.0010222734
0.0010162600493793816;0.00102046
0.0010163144226259502;0.0010203656
0.0010161568804668557;0.0010226874
0.00101614182729176;0.0010251808
0.0010158311117342428;0.0010198712
0.0010159783192763203;0.0010206824
0.0010161920991652695;0.0010205955
0.0010158384221262838;0.001019677
0.0010159195135470088;0.0010201603
0.0010159187968575248;0.0010216115
0.001015646612443226;0.001019888
0.0010154019765506843;0.001021905
0.0010152328027240737;0.0010219589
0.001015359734332091;0.0010200524
0.0010150711455284374;0.0010221236
0.0010150792304499958;0.0010191973
0.0010149154131374272;0.0010218146
0.0010145484303785979;0.0010191936
0.0010148816223648426;0.0010245332
0.001014309800352509;0.0010207779
0.0010146883709086596;0.0010185464
0.001014350715865332;0.001018259
0.0010145450877270808;0.0010220556
0.0010141123094179324;0.0010185605
0.0010143298194988778;0.0010198252
0.0010142265327617917;0.0010176827
0.0010141721782642172;0.0010204476
0.0010140485219706438;0.0010185516
0.0010139617076952402;0.0010246844
0.0010136531842995043;0.0010205117
0.0010136999023195943;0.001019306
0.0010140484275516907;0.0010173246
0.0010136735855332134;0.0010179371
0.0010133128894468475;0.0010163536
0.0010136452164672511;0.0010180998
0.0010133137622554051;0.0010183832
0.001013177853126667;0.001016288
0.0010130949165843624;0.0010166132
0.0010132232311451318;0.0010191012
0.0010134248164678482;0.001019407
0.0010133495289636285;0.0010209214
0.0010129165116354432;0.0010224114
0.0010132072780795983;0.0010191214
0.0010131907499836463;0.0010182426
0.0010131626111749364;0.0010169438
0.00101277072576953;0.0010185281
0.0010132805127527956;0.0010238277
0.0010126950569132244;0.0010172176
0.0010123395042395905;0.0010164008
0.0010130494105703147;0.0010174463
0.001012435516612114;0.0010181656
0.0010128121505074792;0.0010176261
0.0010125148499776659;0.0010184696
0.0010128444518991992;0.0010193441
0.0010124334034289381;0.0010163897
0.0010125374029954209;0.0010223504
0.0010124703667028561;0.0010166964
0.0010125158721654628;0.0010173719
0.0010122774042630274;0.001025624
0.0010126244761417375;0.0010192328
0.00101243768794168;0.001018527
0.001012199582519794;0.0010176965
0.0010120415395297306;0.0010173344
0.00101184382225926;0.0010175351
0.0010119346779231962;0.001018934
0.0010118922938004528;0.0010175646
0.0010117666279333398;0.0010165534
0.0010120574709052514;0.0010164797
0.0010117417859452727;0.0010185024
0.0010115423944386604;0.0010182183
0.0010120939796692447;0.0010169175
0.0010117718222011861;0.0010171612
0.0010116907551664075;0.0010205779
0.0010120039748787685;0.0010192473
0.0010118189933219631;0.0010159805
0.0010117880470658603;0.0010186624
0.0010114905595975487;0.0010171725
0.0010116445327692323;0.0010165526
0.0010114460716661262;0.0010163065
0.0010117165431208712;0.0010190486
0.0010114794671780578;0.0010213889
0.0010115715382792252;0.0010165162
0.001011435041008027;0.0010156541
0.0010116247970022654;0.0010192557
0.0010113282466772944;0.0010173443
0.001011412984225899;0.0010196394
0.0010115473852860496;0.0010159329
0.0010115859226789326;0.0010174656
0.0010112506173869692;0.0010172664
0.0010114527494940711;0.0010163962
0.001011285936570187;0.0010155295
0.0010116466090058613;0.0010156125
0.0010112858868179548;0.0010157948
0.0010113350561158242;0.0010171469
0.0010111323685238235;0.0010170452
0.0010112822788007753;0.0010167201
0.0010109940520487725;0.001017797
0.0010114266947034354;0.0010164038
0.0010113053284217849;0.0010184966
0.0010110594035665455;0.0010181786
0.001011058997705971;0.001018904
0.001011191813128167;0.0010178708
0.001011268968791946;0.0010201487
0.0010111167198537212;0.0010199096
0.0010110546396677627;0.0010182379
0.0010107418073733387;0.0010154949
0.0010110208677054431;0.0010185213
0.0010109539256480179;0.0010170226
0.0010108653948593296;0.0010154136
0.0010110735684927357;0.0010153492
0.0010106484232298833;0.0010156564
0.0010106942655616685;0.0010217531
0.0010107196070327374;0.0010168507
0.0010107195365708322;0.0010154302
0.0010106454255966175;0.0010158424
0.0010103668739994693;0.0010171653
0.0010109422387138598;0.0010157151
0.001010307302196069;0.0010145211
0.0010102615890852911;0.0010148672
0.0010105864333577062;0.0010156678
0.0010106072811360814;0.0010162082
0.001010369949998628;0.0010151947
0.0010102809159893934;0.0010156077
0.0010100180150230268;0.001015457
0.0010102421389647613;0.0010159108
0.0010104946733305328;0.0010212597
0.0010101960467689328;0.0010155194
0.001010031863115728;0.001017006
0.0010102988053480848;0.0010151295
0.0010099961445054137;0.0010216945
0.0010101095352959084;0.0010154229
0.001009989631435785;0.0010162842
0.0010096673421733278;0.0010173644
0.0010099823281512056;0.0010214977
0.0010101677000056953;0.0010144362
0.0010100882088054756;0.001014082
0.001010261211532021;0.0010148978
0.0010097820809307067;0.0010170006
0.0010098094188020026;0.0010177325
0.0010096811807689895;0.0010150984
0.0010100907407161828;0.0010158356
0.0010099589808133284;0.0010173973
0.0010098280166398342;0.0010189617
0.001010064553089538;0.0010232482
0.0010099184747760822;0.0010159034
0.0010094894682620896;0.001016089
0.0010098505939822645;0.0010143977
0.0010100432334002108;0.0010169549
0.0010094594916230755;0.0010249454
0.001009913913072332;0.001014632
0.0010096185283098174;0.001020428
0.001009898779203037;0.0010148295
0.0010097216156090758;0.0010138943
0.0010100482931777247;0.0010151285
0.0010094418776172556;0.0010151812
0.0010094503299210612;0.0010181353
0.0010095348957877017;0.0010141411
0.0010094525392387846;0.001017769
0.001009708982218351;0.0010192408
0.0010096019429252727;0.0010147071
0.001009270614319432;0.0010175784
0.0010096823304621993;0.0010131003
0.0010095911560040948;0.0010171265
0.001009421377491794;0.001016169
0.0010095302092132013;0.0010146343
0.0010095515447105035;0.0010142002
0.0010094089613688227;0.0010148488
0.0010095462074356252;0.0010134537
0.001009749375884176;0.0010167055
0.0010094478339765613;0.001015336
0.0010093314626474718;0.0010153106
0.0010092635445394797;0.0010138445
0.0010089951997475797;0.0010161514
0.0010094686063913335;0.0010152641
0.0010097029183280507;0.0010161354
0.0010091532400417092;0.0010174162
0.0010094355931505562;0.0010153829
0.0010092397108306423;0.0010139043
0.0010094854231360124;0.0010127794
0.0010092476301360876;0.0010140343
0.0010092811806029394;0.00101734
0.001009189393493886;0.001015581
0.0010091380873008778;0.0010163301
0.0010090268158206815;0.0010152473
0.001008957508265188;0.0010148734
0.0010092241399749916;0.0010138688
0.0010092088399994137;0.0010144404
0.001008990702501155;0.0010137496
0.0010088884518604333;0.0010136307
0.0010091149176495444;0.0010137614
0.0010095448381463555;0.0010174102
0.0010090066040375908;0.0010184072
0.0010092450500661996;0.0010176919
0.0010088371163185098;0.0010140172
0.0010089729464073714;0.0010163828
0.001009380239196808;0.0010124324
0.0010090669931378216;0.0010155155
0.0010087615650416794;0.0010150415
0.0010090094391795757;0.0010158819
0.0010087845097050854;0.0010124987
0.0010092016275187856;0.0010164977
0.0010089089984294812;0.0010151846
0.0010090765951961084;0.0010159338
0.0010093152000397248;0.0010142743
0.0010085812495947864;0.0010144529
0.00100902121967489;0.0010133305
0.0010089124345808828;0.0010135954
0.0010088895546811584;0.0010137185
0.0010085977527533512;0.001015005
0.0010092074081522265;0.0010148225
0.001008858194844307;0.0010156366
0.0010090740115112184;0.0010169208
0.0010085418491967415;0.0010150656
0.0010086030464643906;0.0010136236
0.001008603959528141;0.0010146525
0.0010086674629220444;0.0010177237
0.001008848654179785;0.0010123629
0.0010085663997176054;0.001014627
0.001008835877230587;0.001013237
0.0010088410213785735;0.0010136865
0.001008503824705258;0.0010146358
0.00100851200306543;0.0010182967
0.0010088599421770165;0.0010143305
0.0010087933239992708;0.001016472
0.001008864863297755;0.0010176324
0.0010085419170239843;0.0010143025
0.0010085694634012485;0.0010135708
0.0010084885578774112;0.0010161768
0.0010084716332341103;0.0010176935
0.0010085165512895113;0.0010153719
0.0010081580340078001;0.0010151825
0.0010076902211815315;0.0010125311
0.001003578062181508;0.0010020446
0.00099580943578315;0.0009979982
0.000991503937647825;0.0009943203
0.000988559046282286;0.000996455
0.0009866956673489002;0.0009900666
0.0009858068059149542;0.0009897263
0.000984883338617357;0.0009888547
0.00098393489281941;0.0009873853
0.0009838667556055281;0.0009873654
0.0009830671866228313;0.0009863543
0.0009835552403972925;0.000988015
0.0009824737002092757;0.0009912624
0.0009827279533553672;0.0009844452
0.0009820991480036785;0.0009860827
0.0009823302542913313;0.0009850285
0.000982017867928861;0.000983735
0.0009814792654575094;0.000986664
0.0009815751111110378;0.0009856586
0.0009811706241759422;0.0009846825
0.0009808278615022765;0.000985967
0.0009807108058349082;0.0009839274
0.0009807243264329277;0.0009847243
0.0009808486843432642;0.0009894047
0.0009804113983715836;0.0009846733
0.000980587170557364;0.0009835986
0.0009806122359403066;0.0009868989
0.000979822171717196;0.0009849098
0.0009799858878709769;0.0009834929
0.0009798943248920534;0.0009849642
0.0009797174528265666;0.0009842672
0.0009802269965630808;0.0009841507
0.0009798229934868256;0.0009824072
0.000979539635591209;0.000983947
0.0009795167733375964;0.0009830968
0.0009794197023208987;0.0009833687
0.0009794703511962373;0.0009829722
0.000979089263740829;0.0009836907
0.0009794544462898844;0.0009828616
0.000979096134205496;0.0009816443
0.0009792830270568007;0.0009854794
0.00097864612857321;0.0009821698
0.0009790368984747481;0.0009815724
0.0009785598473574378;0.0009833734
0.0009787589494800685;0.0009816753
0.0009786513665887087;0.0009829801
0.0009785398128932636;0.0009815771
0.000978684361877018;0.0009886853
0.0009785444729985963;0.0009827339
0.0009786440946749951;0.0009809255
0.0009783881879411637;0.0009890605
0.0009783914421170362;0.0009817895
0.000978152690283758;0.000983852
0.0009783873240169333;0.0009819899
0.000978612204474446;0.0009800966
0.0009783223469888693;0.0009823827
0.0009780950872472635;0.0009805536
0.000978167085896099;0.0009925839
0.000978406222635194;0.0009793417
0.000978081899719607;0.0009806572
0.0009785549470076435;0.000985934
0.0009781338933757262;0.0009839771
0.0009779962065850237;0.0009804945
0.0009779773445456829;0.000984086
0.0009777759534527401;0.0009809068
0.0009777800678765695;0.0009899997
0.0009776297097682561;0.0009842244
0.0009779755970291597;0.0009813354
0.0009776035936451273;0.0009817503
0.0009777094079426636;0.0009850997
0.0009775542313429086;0.0009794644
0.0009775768095431358;0.0009799076
0.0009779763158631364;0.0009815827
0.0009772430253705304;0.0009884274
0.0009778867149725556;0.0009867854
0.0009774139261878047;0.000984024
0.000976937498137551;0.0009866507
0.0009775015539612228;0.0009864576
0.000977795957220032;0.0009811549
0.0009768920937724608;0.0009809646
0.000977591722100777;0.0009841776
0.000977240911574642;0.0009838487
0.0009775144324981068;0.0009821384
0.0009770125504828205;0.0009809738
0.0009770779635781717;0.000981265
0.0009776996424127565;0.00098063
0.0009771734353547033;0.000979495
0.0009771094722428211;0.0009798242
0.0009767922798882387;0.0009822594
0.0009774122174559651;0.000979664
0.0009770587513737968;0.0009846434
0.0009767997650258046;0.0009804736
0.0009770653289620226;0.0009809755
0.0009769238564675967;0.0009820944
0.0009769030368739838;0.0009820516
0.0009767520620095494;0.0009801688
0.000976899275923834;0.0009784511
0.0009768512679607067;0.0009795732
0.000976812729771298;0.0009787616
0.0009763340561920287;0.0009806644
0.0009772142785674843;0.0009810103
0.0009765413790132459;0.0009817024
0.0009767141377577853;0.0009792519
0.0009762047431554253;0.0009798278
0.0009765913975915235;0.0009846227
0.0009766136452947793;0.0009812213
0.0009764928216310708;0.0009792193
0.0009761422610915217;0.0009817282
0.0009762860203504954;0.0009815849
0.0009763201247704657;0.0009837506
0.0009761825719186546;0.000978957
0.0009765634114706986;0.0009796879
0.0009763310601518146;0.000979269
0.0009763325304773293;0.0009804765
0.0009762649059810333;0.0009808752
0.0009761395515555418;0.0009807693
0.0009760223242674807;0.0009868869
0.0009764032782128963;0.0009798418
0.0009760016620183658;0.0009797462
0.0009760879441532061;0.0009802971
0.0009760295865616124;0.0009838043
0.0009759368416608164;0.0009868842
0.0009761294802822369;0.000978133
0.0009759601022386433;0.0009790303
0.000975702721503024;0.0009807412
0.000975723990092152;0.0009812046
0.0009759466275940404;0.000979331
0.0009757002588287976;0.0009811037
0.0009756043726749914;0.0009782364
0.0009759277842424222;0.0009789085
0.0009759355218786943;0.000982654
0.0009752490134346054;0.0009835553
0.0009759084958166472;0.0009830137
0.0009756187430435889;0.0009792872
0.0009755694762019342;0.0009782858
0.0009751635275192951;0.0009786553
0.0009755387450078208;0.0009793609
0.0009755711286255208;0.0009785948
0.0009757158054210441;0.0009792125
0.0009755048877559602;0.0009809575
0.0009753147415865801;0.0009780489
0.0009755504759959877;0.000978452
0.0009755080728178942;0.0009779888
0.0009751965634304246;0.0009789161
0.0009756085351967301;0.0009790022
0.0009755797736273196;0.0009788093
0.00097502742299663;0.0009845686
0.0009752016527406675;0.0009793692
0.000975368000493434;0.0009786113
0.0009751169260983404;0.000978253
0.0009754496809756874;0.0009817583
0.0009750906594318191;0.0009783136
0.0009750370433750121;0.0009829428
0.0009752076372234641;0.0009814643
0.0009752123272291532;0.0009775631
0.0009749912390313847;0.0009807004
0.0009748739575795633;0.0009768677
0.0009750683015016349;0.0009814571
0.0009749461440246945;0.0009789725
0.0009751775366940389;0.0009773121
0.0009753041032481154;0.0009809112
0.0009749388743167449;0.000978244
0.0009748656832686577;0.0009792374
0.0009748833422475544;0.0009781879
0.0009749081883407933;0.0009887859
0.000974798947511437;0.0009776597
0.0009747874883224109;0.0009794196
0.000974918934332795;0.0009818967
0.0009747017042613343;0.000979289
0.0009748053589321085;0.0009793635
0.0009747337258273834;0.0009837229
0.0009749633195123783;0.0009777554
0.0009747196539109083;0.0009785166
0.0009743764660762328;0.0009772188
0.0009745450173259566;0.0009910467
0.0009749070744299771;0.0009840889
0.0009746889075215318;0.0009777847
0.0009749733607627843;0.0009764288
0.0009743723137867882;0.0009789758
0.0009743985216329364;0.0009767257
0.0009743992394865735;0.0009773778
0.0009743320142335601;0.0009780803
0.0009745943179280546;0.0009799193
0.0009745462198349598;0.0009844997
0.0009743151672821688;0.0009778066
0.0009742944605501466;0.000976591
0.0009748101676201546;0.0009799633
0.0009743350199546273;0.00097591087
0.0009741278198596679;0.0009792396
0.0009745175833813846;0.0009789318
0.000974607551776755;0.0009776303
0.0009744204898168774;0.0009815089
0.000974455116512744;0.0009798829
0.0009746569915257983;0.0009798603
0.0009743624954410878;0.0009779986
0.0009739124483894557;0.0009761698
0.0009743189503512296;0.0009774718
0.0009740041860526329;0.0009770769
0.0009741009948285003;0.0009790232
0.0009742323588579893;0.000989611
0.0009744591544088172;0.0009767471
0.000974038573300564;0.0009790355
0.0009743652435779376;0.0009780957
0.0009740035069836794;0.0009764092
0.0009740160797158942;0.0009789702
0.0009741427697927544;0.0009777365
0.0009739497597451861;0.0009794709
0.0009739204326423964;0.000978837
0.0009741708750248347;0.0009823715
0.0009741276551013518;0.000981256
0.0009739053772615366;0.00097583915
0.0009741145140785528;0.000977511
0.0009737224104250536;0.0009859911
0.0009737609741032908;0.0009785107
0.000973924023871261;0.00097603595
0.0009737795550302652;0.0009783804
0.0009740141512654526;0.0009809077
0.0009738879992724641;0.0009799943
0.0009739693369422304;0.0009799522
0.0009739486376240261;0.000975477
0.0009739390818867832;0.0009827418
0.0009737087323599936;0.0009836985
0.0009735887772771285;0.0009774682
0.0009733366687463498;0.00097578083
0.0009733705448697469;0.0009774383
0.0009734514853181808;0.0009750804
0.0009732121817988197;0.0009766943
0.0009733413340597364;0.0009767292
0.0009735717951614214;0.000975667
0.0009731891695532556;0.0009784935
0.0009731872469848512;0.0009781331
0.0009734602436104691;0.0009769085
0.0009734842857640041;0.0009758014
0.0009730377520042422;0.00097565434
0.0009727044266918184;0.0009785111
0.0009732454140229445;0.00097615947
0.000973197250859812;0.0009802792
0.0009734597756208753;0.0009828334
0.0009727681643256035;0.00097503624
0.0009728298236395379;0.0009787208
0.0009728367110150621;0.0009806488
0.0009732718426293056;0.00097643054
0.0009724231802637835;0.0009757921
0.0009727115548632451;0.00097612914
0.000972796679952329;0.0009786331
0.0009723955818059805;0.0009778593
0.000972650007124206;0.0009779099
0.0009723788785356048;0.0009772537
0.0009722805580148768;0.00097487157
0.0009727502584236821;0.00097516505
0.0009724458795972168;0.0009768773
0.0009728837404155026;0.0009745823
0.0009719998614960595;0.0009770688
0.0009722497983909163;0.0009770468
0.0009719372431036869;0.0009809945
0.000971722583176176;0.0009779013
0.0009725472248330909;0.00097517465
0.0009719678170758446;0.0009744236
0.000972085897504401;0.0009744059
0.0009720932421470552;0.00097594236
0.0009718170308042318;0.0009770537
0.0009719440133286346;0.0009803127
0.0009718822061672415;0.0009748578
0.0009718240439083035;0.0009783258
0.0009716786222998052;0.0009762597
0.0009715637619190506;0.00097421213
0.0009715325464371984;0.000977206
0.0009716126153024992;0.0009773585
0.0009717711914747365;0.0009789498
0.0009714932403355641;0.0009742565
0.0009712977011957647;0.0009786781
0.0009713910901183753;0.00097573304
0.0009715015993845698;0.00097496924
0.0009712532743517506;0.0009733023
0.000971084832164802;0.0009774421
0.0009710478029017778;0.0009755905
0.0009712679572648515;0.0009798551
0.0009708395778618165;0.00097358116
0.0009711109827223577;0.00097392226
0.0009712398634904898;0.0009746413
0.0009709818574820498;0.00097397
0.0009708982747734377;0.0009755264
0.0009708177521334667;0.0009778232
0.0009708969630791168;0.0009759037
0.0009706762888297242;0.000974094
0.0009704448672403631;0.000977492
0.0009708224570893339;0.00097471575
0.0009707197456890227;0.0009749205
0.0009708754710338422;0.0009781442
0.0009704680016607439;0.0009741546
0.0009707117921942355;0.00097418256
0.0009707562869880348;0.0009762759
0.000970481493767645;0.0009807337
0.0009704563416859233;0.0009821254
0.0009705240732843154;0.0009744973
0.000970757664977818;0.00097610406
0.0009700717946735063;0.0009754789
0.0009705290475272034;0.0009733185
0.0009705939887116026;0.0009757391
0.0009706079771766733;0.00097538606
0.0009698177260150642;0.0009752054
0.000970568164668389;0.0009759599
0.0009703356667274708;0.0009743204
0.0009703049563043015;0.0009736576
0.0009702238237093154;0.0009755597
0.0009703642553894928;0.00097410864
0.0009698549868833077;0.00097609503
0.0009704698062207746;0.0009732198
0.0009696783214243815;0.0009777583
0.0009701719901548993;0.00097486627
0.000970171344294948;0.00097309554
0.0009702700260708011;0.0009784885
0.0009698829546227659;0.00097391877
0.0009700716728050458;0.0009735509
0.0009697952683353306;0.00097511965
0.000969727154649598;0.0009817529
0.0009697954288046611;0.00097554625
0.0009697216883375261;0.00097568735
0.0009696631387831938;0.00097240263
0.0009698887207961985;0.0009771208
0.0009696711878610873;0.0009775272
0.0009698228289887897;0.0009745355
0.0009697617072072861;0.0009773483
0.0009696739289517466;0.0009746141
0.0009694440803784681;0.00097288366
0.000969568603414748;0.0009728476
0.0009694129080928274;0.00097645825
0.000969332748546118;0.00097305136
0.0009694795409756664;0.0009756603
0.0009695214647064476;0.0009806782
0.0009692112599671083;0.00097435876
0.0009693043019720598;0.0009729012
0.0009690465567339407;0.00097433344
0.0009692332636270869;0.00097079226
0.0009692471316942063;0.0009723962
0.0009690631324376323;0.0009765489
0.000969013644651951;0.0009714969
0.0009690713164347567;0.00097422785
0.0009688127450767513;0.0009740661
0.0009688206244333598;0.00097501307
0.0009690680659964288;0.0009731327
0.0009685884394045723;0.0009735204
0.0009687612527417705;0.0009760183
0.0009684400238390816;0.0009732596
0.0009683839859146821;0.0009723215
0.0009686014384619499;0.00097397435
0.0009687656419057595;0.0009744388
0.0009687416779343039;0.00097143307
0.0009682380026941629;0.0009733419
0.0009686180623860931;0.0009717527
0.0009682294002758633;0.0009809488
0.0009678916607395206;0.0009728049
0.0009681221105673007;0.000971401
0.0009679430782623393;0.0009728833
0.0009679995532343654;0.0009711623
0.0009678981325736171;0.00097271235
0.0009681634803449637;0.0009707344
0.0009677454278387718;0.0009733484
0.0009680382779333741;0.0009726551
0.0009676022483281007;0.0009715265
0.000967680829283046;0.0009768942
0.000967567359452675;0.0009726189
0.0009678082405221893;0.00097183837
0.0009671576746347312;0.00097433885
0.0009674802728879609;0.00097106746
0.000967499638638018;0.0009719469
0.0009670268539584389;0.00097206846
0.0009674079742552223;0.00097295386
0.0009675661475079036;0.0009765779
0.0009669714847481565;0.0009714625
0.0009671966977245909;0.00097208726
0.0009670312512102292;0.0009703161
0.0009670093234652947;0.00097390683
0.0009670137558867664;0.00097619265
0.0009670645196456462;0.0009704012
0.0009668351397359449;0.00097227516
0.0009669417709626846;0.00097191706
0.00096695412612079;0.0009712377
0.0009668323089442167;0.00097048946
0.0009668784761360209;0.00097124977
0.0009661654017767624;0.0009703307
0.0009668014511637586;0.00097150315
0.0009667259474333964;0.0009733608
0.0009666508913505822;0.0009708436
0.0009661961995114229;0.00097052736
0.0009663801577162782;0.0009725858
0.0009663884338653205;0.00096897106
0.0009662371830353023;0.0009732278
0.0009661575056931101;0.0009796937
0.0009664715738280824;0.00097442593
0.000966330421046893;0.0009702552
0.0009662939896684532;0.0009700145
0.0009659141386050339;0.0009781781
0.0009659815472428147;0.00097274885
0.0009662542535041116;0.00097268046
0.0009658040619136668;0.00097055384
0.000965919888112694;0.00097038137
0.0009660868166553739;0.0009702918
0.0009662052898324634;0.0009693273
0.0009657939761190822;0.0009711108
0.0009656780074644638;0.0009737731
0.0009657441868177174;0.00096968294
0.000965341708782178;0.00097081554
0.0009653632378352708;0.0009754943
0.0009652963219406573;0.0009706727
0.0009655052580331502;0.0009719789
0.0009653449733741581;0.0009715419
0.000965162422691815;0.00097008835
0.0009652237125402807;0.0009717877
0.0009651644081244931;0.0009685369
0.0009652525567032985;0.0009692127
0.0009651491896396405;0.00096902624
0.000965011949883774;0.00096870086
0.0009651487958494966;0.00097333617
0.0009646867629826854;0.0009691686
0.0009651542882018379;0.00097361766
0.0009647967401083166;0.0009736963
0.000964740332044465;0.0009730879
0.0009644882512695499;0.0009726405
0.0009645773783497709;0.00097013573
0.0009647678167216088;0.00096893084
0.0009645436028337204;0.0009677059
0.0009642596475436891;0.0009694571
0.0009643246786742423;0.00096905685
0.0009644928673821452;0.00096865173
0.00096411054714975;0.00097040273
0.0009639892063569278;0.00097200903
0.0009645873805704086;0.00097512745
0.000964217632212431;0.00097047497
0.0009638857925433273;0.0009776254
0.0009643828547192051;0.000968287
0.0009641414434698067;0.0009688105
0.0009639196317814487;0.0009700032
0.0009639184251672735;0.0009687533
0.0009639102974171309;0.0009685747
0.0009639892762061209;0.000966171
0.0009633416132266192;0.00096798816
0.0009633723670910847;0.000973559
0.0009638979061090045;0.00096678216
0.0009635369395101934;0.00096768065
0.0009635237453652448;0.0009670657
0.0009634703620778102;0.000966219
0.0009631163513557495;0.00097486464
0.0009629968531723869;0.000969935
0.0009634113164103933;0.00097015046
0.000963172399206087;0.00097070786
0.0009628257784061134;0.0009684234
0.0009638384912824748;0.00097072544
0.0009626862493735787;0.00096922694
0.0009627381802266954;0.00097237865
0.0009631133730229187;0.0009657742
0.000962973446033797;0.00096935185
0.0009630927921419865;0.0009667811
0.0009629498450943318;0.0009676356
0.0009629397037267489;0.00097139605
0.000962879505302561;0.0009674166
0.0009626545470305963;0.0009667027
0.0009626731375158813;0.00096940383
0.0009624049310744005;0.0009695279
0.0009626459586434067;0.00096537924
0.0009627200707817745;0.0009663315
0.0009626797731279543;0.00096567615
0.0009621902327298334;0.00096531725
0.0009626414085811886;0.0009680854
0.0009621588232632922;0.00096874946
0.0009623527449041017;0.00096615124
0.0009624098864457521;0.00096748996
0.0009620938776060939;0.0009668987
0.00096214823718918;0.0009694298
0.0009622102494866244;0.000969393
0.0009625972428138515;0.0009717453
0.0009621045642875527;0.00096644054
0.0009622133256695968;0.0009649412
0.000962079641544015;0.0009649441
0.0009618455279422433;0.00096541113
0.0009622673845947965;0.00096708385
0.0009626832334202175;0.0009649651
0.0009620726550929248;0.00096589624
0.0009620741229675906;0.0009651676
0.0009619731801611028;0.0009704479
0.0009620216342399975;0.0009650757
0.0009622046235017479;0.00097051816
0.0009619190202609293;0.0009668228
0.0009620809768890276;0.0009650323
0.000962101061105434;0.0009696925
0.0009619241217641454;0.00096362026
0.0009618921166187839;0.00096655084
0.000961747654149995;0.00096665334
0.0009623062165797149;0.00096419896
0.000961889616569112;0.0009635674
0.0009615577577833871;0.0009636723
0.0009615988686288658;0.000965276
0.0009614642712557198;0.00096831954
0.0009581428227063857;0.00095739844
0.0009446842902290978;0.00094649295
0.0009417340482928251;0.00094875734
0.000940443046979214;0.0009429686
0.0009387909792559711;0.00094028236
0.0009381629629550796;0.0009510143
0.0009378913131934639;0.00093932875
0.0009372031287363681;0.0009407622
0.000937087747427684;0.0009400799
0.0009366343815590402;0.0009387471
0.0009361826854537388;0.00093904906
0.0009358222613503274;0.0009365952
0.0009356559287315529;0.00094275345
0.0009356785098727988;0.000938519
0.000935052929838237;0.0009396962
0.0009350012117800744;0.0009381226
0.0009350720231151698;0.0009366783
0.0009346138207413453;0.0009399474
0.0009345732240226904;0.00093840173
0.0009340732656174192;0.00094228087
0.0009341972469548254;0.00093913026
0.000933917185696038;0.00093840895
0.0009338981554059214;0.0009379399
0.000933587753311976;0.00093863753
0.0009334849572348359;0.00093626574
0.0009334590057474806;0.0009382676
0.0009332710947522795;0.0009380963
0.0009330963869701678;0.00093658705
0.0009329421013152521;0.0009383526
0.0009325042022024526;0.0009348755
0.0009331940668389986;0.00093893125
0.0009324560789268856;0.0009362446
0.000932844979075813;0.00093371706
0.0009325142871392401;0.0009419001
0.0009326531257063739;0.0009345329
0.0009322247283508707;0.0009367708
0.0009325880260745946;0.0009363376
0.0009323662558668539;0.0009360222
0.0009322633776862763;0.0009350175
0.0009322535016843559;0.00093650894
0.0009319416670079686;0.0009333171
0.000932117123463142;0.0009405703
0.0009318206788923003;0.0009328121
0.0009319593819887622;0.00093612645
0.0009316968749350819;0.0009346202
0.000931549637737733;0.00093337917
0.0009315408738697634;0.0009336879
0.0009319770410289302;0.0009354701
0.0009313261021835435;0.00093334157
0.0009317565491839655;0.00093691587
0.0009318169743116749;0.00093701924
0.0009316409661704184;0.0009336593
0.0009314872045682645;0.0009347801
0.0009314042071836363;0.0009385116
0.0009318351896332675;0.0009385352
0.0009310700080823153;0.00093336497
0.000931447027986379;0.0009322923
0.0009311782281331129;0.0009344404
0.0009312947437559304;0.0009337516
0.0009310129031195845;0.0009316516
0.0009310650009980524;0.0009359214
0.0009311106084772435;0.00093616714
0.0009310180774130123;0.0009388104
0.0009310474970966186;0.00093450595
0.0009307221340407666;0.0009325159
0.000930681909667328;0.00093397906
0.0009309846414008031;0.0009422621
0.000930823514446322;0.0009346213
0.0009308849753640396;0.00093578943
0.0009308054036534342;0.00093777094
0.0009308022538837242;0.000934209
0.0009312450174413817;0.0009342261
0.0009308296083595212;0.00093255116
0.000930408898397888;0.000933691
0.0009308579129068867;0.00093385915
0.0009308848409962497;0.0009337853
0.0009308235168971709;0.00093331403
0.000930246427152796;0.0009348805
0.0009305369227168787;0.0009343419
0.0009306814457216349;0.00093567016
0.0009301103489767564;0.00093719875
0.000930371597642079;0.00093677477
0.0009309452300352094;0.00093324424
0.0009304025139978253;0.0009383328
0.0009303797305390042;0.00093656586
0.0009303214886274777;0.00093430287
0.0009302051429710302;0.0009310708
0.0009302999095770677;0.0009322803
0.00093027588182227;0.00093436247
0.0009304109073587154;0.00093158294
0.0009303986481513436;0.00093816227
0.0009303944345294057;0.0009320404
0.0009302863520325015;0.0009368404
0.0009299210301526871;0.0009338287
0.0009300107774814885;0.000936116
0.0009301640947447403;0.00093374733
0.0009301120412266372;0.00093156577
0.0009300449722765111;0.0009329707
0.0009305337596513135;0.000932002
0.0009300374082828823;0.000933481
0.0009298994735275444;0.0009331898
0.0009304966511033279;0.0009320361
0.0009299190523176405;0.00093224854
0.0009301510999763482;0.00093211053
0.0009296327625327792;0.0009313593
0.0009298850202589835;0.00093459187
0.00092973433373692;0.00093150756
0.0009299226887033959;0.00093225174
0.0009299950852475472;0.00094066357
0.0009299342600800293;0.0009329003
0.0009298758749776569;0.00093360146
0.000929177602091314;0.00093412574
0.0009302423584372981;0.0009333982
0.0009295547048340699;0.0009323424
0.0009297446206849265;0.00093146384
0.0009299049958415134;0.00093391887
0.0009296237399777104;0.00093092164
0.000929774824517632;0.0009312809
0.0009291505969840249;0.0009321332
0.0009295256584760194;0.00093321694
0.0009293493232689798;0.0009311841
0.0009296649936464076;0.00093238114
0.0009296029671953109;0.00093198987
0.0009296460684364368;0.00093468867
0.0009294707881360266;0.0009365347
0.0009292591203273715;0.00093500124
0.0009290879308000991;0.00093199377
0.0009288838992851149;0.00093488744
0.0009295491363215995;0.00093115965
0.0009287901486172096;0.00093029777
0.0009297874775764189;0.00093834655
0.0009287738705078434;0.0009352826
0.0009292126108132499;0.00093011546
0.0009294457302281731;0.00093192584
0.0009290622561973961;0.0009352671
0.0009291815290864753;0.0009369541
0.0009293747961668199;0.00093149807
0.0009290501723482617;0.0009308799
0.0009286899068147728;0.00093592826
0.0009287855113047714;0.00093041273
0.0009290045808608595;0.000931037
0.0009287920406725454;0.0009324606
0.0009289055741024449;0.00093058223
0.0009292327610800337;0.00093013124
0.0009290278547958128;0.0009332171
0.0009288787615093354;0.00093013304
0.0009288598920561765;0.00093116186
0.0009287367401473028;0.00093403476
0.0009292544026270901;0.0009308927
0.0009289003023265028;0.0009309186
0.0009284726166362433;0.0009299945
0.0009286520779010301;0.00093124656
0.0009288619619205986;0.0009296573
0.0009288868986952461;0.0009311869
0.0009287911648616979;0.00093250227
0.0009286859544533256;0.00093262905
0.0009284893316094224;0.00093552517
0.0009288382765493895;0.0009321342
0.0009285805602925585;0.0009284914
0.0009286046121882176;0.0009325844
0.0009286037749169689;0.0009308292
0.0009291131046943759;0.00093260175
0.0009287024256895835;0.00093025353
0.0009284636663199451;0.00093082985
0.0009286755441663493;0.0009315179
0.0009287413859764408;0.00094073464
0.0009283407435041705;0.0009303356
0.0009285468448835768;0.0009307792
0.0009287933887619721;0.00093484664
0.0009283208021109826;0.00093181507
0.0009284824467460183;0.00093307835
0.0009284396190808988;0.0009333247
0.0009287265753128419;0.0009300299
0.0009282005246802184;0.00093234255
0.0009283911292196105;0.00092894165
0.0009280978352150047;0.0009300668
0.0009285430842397832;0.00092980417
0.0009278108053963239;0.000931786
0.0009283838254448615;0.00093078206
0.0009283532259226041;0.00093025365
0.0009285683339878329;0.0009318288
0.0009280723079083193;0.00092979893
0.0009282733118284102;0.0009303911
0.0009279640026905231;0.0009314299
0.0009285343291948697;0.0009285149
0.0009278224133518769;0.0009299453
0.0009281516162139413;0.000929796
0.0009284192867773143;0.0009308517
0.0009279199083654308;0.0009349824
0.0009285474474247741;0.00093371386
0.0009279139959375913;0.00092932937
0.0009277805658424959;0.0009297721
0.0009282267735168142;0.00092799537
0.000927879837660217;0.0009324569
0.0009281267020483747;0.0009285832
0.000927766322856769;0.00093377184
0.0009277652030639154;0.00093181105
0.0009277940393842168;0.0009284164
0.0009277628136700705;0.00093315245
0.0009278440548376621;0.00092967675
0.000927881068782881;0.000929861
0.0009277383050587224;0.0009337748
0.0009275309615278323;0.00092886033
0.0009274808259215206;0.00093366246
0.0009277981423503278;0.0009291673
0.0009277119677464821;0.0009286814
0.0009275327871651634;0.00093175477
0.0009276846406589213;0.0009296743
0.000927639649139325;0.0009304779
0.0009277072464311985;0.0009351548
0.0009276347655778457;0.0009280674
0.0009272877745158774;0.0009279671
0.0009275912545547869;0.0009293768
0.0009271941965715469;0.0009320734
0.0009270162518920475;0.0009280705
0.0009274209170651279;0.0009296664
0.0009271866736296369;0.0009344708
0.0009272261704685853;0.00092878635
0.0009270564813509976;0.00093240564
0.0009275158857436557;0.0009307302
0.0009269301805302109;0.00093327044
0.0009268687572942948;0.0009326846
0.0009271080747222234;0.0009304762
0.0009266477834898978;0.0009286587
0.0009268835745139145;0.00092718203
0.0009270475162683349;0.0009266152
0.0009265437679928973;0.0009293791
0.0009267805729943671;0.00093287707
0.0009264820738156375;0.0009287732
0.0009267162938455218;0.00092638226
0.0009259121248032898;0.00092758524
0.0009260239145767532;0.0009268135
0.000926394692413803;0.0009282979
0.0009255960430508773;0.00093036867
0.0009264289031393433;0.0009264267
0.0009260099667957739;0.0009286988
0.0009258374357350955;0.0009286272
0.000925628008492487;0.0009264066
0.0009258635386236404;0.0009271937
0.0009252582830499465;0.0009286383
0.0009252643834578952;0.000930171
0.0009252671898024059;0.0009277174
0.0009255027087821968;0.0009253851
0.0009251485568912406;0.000927745
0.000925666022384049;0.0009271211
0.0009254519113854162;0.0009281892
0.0009247431030349904;0.000927
0.0009254095534254846;0.00092481845
0.0009247740398553249;0.00092457625
0.0009245831667641668;0.00092822337
0.00092519091423846;0.0009268621
0.0009243410455038477;0.000927889
0.000924528652164889;0.0009280936
0.0009247776688885335;0.00092449924
0.0009242001349890703;0.0009278574
0.0009241567283109027;0.00093133625
0.0009242060381649553;0.00093008135
0.0009241210710943529;0.000926675
0.000923955771630924;0.0009256144
0.0009239007983552782;0.0009285489
0.0009240489653434212;0.0009259624
0.0009236725219402854;0.0009303755
0.0009235424261638209;0.00092455733
0.0009236429581467651;0.0009236602
0.000923738513068345;0.0009311951
0.0009235076442679488;0.00093416235
0.0009234315373836771;0.0009276559
0.0009239200799799475;0.0009270406
0.0009232565612336131;0.0009240372
0.0009231858303476321;0.00092584634
0.0009231152599922528;0.00092554186
0.0009230973936102696;0.0009239776
0.0009229931353566874;0.0009263901
0.0009235791007890121;0.000931406
0.0009229317069127176;0.000924863
0.0009231309571278919;0.00092542055
0.0009227516823203156;0.0009232984
0.0009227499002468233;0.00092541246
0.0009229378320129686;0.00092772243
0.0009227882219650048;0.0009238627
0.0009227354322731691;0.00093063706
0.0009228023977974724;0.0009242252
0.0009228301584402001;0.00092455215
0.0009226219512301644;0.0009230835
0.0009222345326193853;0.0009244651
0.000922516049743679;0.0009236642
0.0009223631849684018;0.0009238639
0.0009225314673600032;0.0009252816
0.000922259860488243;0.00092464476
0.0009225423391418237;0.00093025446
0.0009226078584202026;0.000922358
0.000922197868471573;0.00092531845
0.0009222230581125538;0.0009252727
0.0009221490800968911;0.0009239826
0.0009221690216126214;0.00092488184
0.0009217586433269868;0.00092846894
0.0009220973802362813;0.00092574867
0.0009223438156646137;0.00092679466
0.0009218874932756942;0.0009277795
0.0009218361563245325;0.0009232788
0.0009221551770736512;0.0009217428
0.0009218985301221868;0.0009220104
0.0009213577000130164;0.00092270726
0.0009219925767300944;0.0009225338
0.0009218940451912778;0.0009272682
0.0009219051861375766;0.00092273066
0.0009215911547040664;0.0009251796
0.0009215570732608046;0.0009223901
0.0009219316951317811;0.00092296256
0.0009213254665710816;0.0009220634
0.0009209524230467842;0.0009259444
0.0009214216167425835;0.00092154625
0.0009210757190655721;0.0009220171
0.0009215682636529795;0.00092148647
0.0009211311690313251;0.000922092
0.0009214304171282013;0.00092032616
0.0009207337175030261;0.00092451647
0.0009210710666804133;0.00092856813
0.0009208897661760842;0.00092421216
0.0009208662158466484;0.00092273945
0.0009205282953151159;0.00092305226
0.000920986928915801;0.0009222259
0.0009207643252968984;0.00092341553
0.0009206079498031422;0.0009233986
0.0009205185197979996;0.0009200394
0.0009206941482414933;0.0009240077
0.0009202941493008678;0.0009205771
0.0009202560102934704;0.00092122605
0.0009204727177214073;0.00092669204
0.0009201004910037706;0.00092318666
0.0009205604785759198;0.0009262103
0.0009200618155055532;0.00091998116
0.0009203231582834728;0.0009215984
0.0009202444533768453;0.0009254689
0.0009204562233858987;0.0009206081
0.0009199732240583551;0.0009216605
0.0009199752355925738;0.0009229956
0.0009202241227888551;0.00092059653
0.0009196956789022998;0.00092188903
0.0009201607910769158;0.0009204724
0.0009200627579794903;0.00092374196
0.0009196516280185039;0.00093252736
0.0009197504266385773;0.0009237597
0.000919635334530061;0.00092284975
0.0009201049451152549;0.0009211614
0.0009195188891240641;0.0009238218
0.0009197956385507592;0.00092001667
0.0009199863639782722;0.0009200244
0.00091954296191321;0.00092072214
0.0009194974115387977;0.0009202173
0.0009198156909061302;0.0009204579
0.0009194331336153769;0.0009214697
0.0009195705388648142;0.00092212204
0.0009196849429587785;0.00092209666
0.0009194470367296354;0.00091961416
0.0009195167051726266;0.00092075416
0.0009190102245070432;0.00092287443
0.0009196821865503137;0.0009191381
0.0009193421623326446;0.00092072546
0.0009191284498420397;0.00092068885
0.0009196385746748235;0.0009248327
0.0009193442183497704;0.00092107715
0.0009189289903856422;0.0009232122
0.0009191555228378427;0.0009198038
0.0009190067675846972;0.0009193159
0.0009189485535515766;0.00092170184
0.0009192895924206823;0.00092776696
0.0009190777508468416;0.0009247915
0.0009191792330238968;0.0009187383
0.0009193116351104292;0.0009225369
0.0009191431175598777;0.00091976917
0.0009188433799672088;0.00092011236
0.0009187536109483948;0.000923334
0.0009190323059814737;0.0009203556
0.0009189961388045432;0.0009218787
0.0009188175888879127;0.0009200895
0.0009190859950123061;0.0009269499
0.000918890505379654;0.0009281224
0.0009188382896153551;0.0009209054
0.0009188168528367226;0.00092108885
0.0009191846265457571;0.0009204505
0.0009185853652582553;0.00091872865
0.0009186266402493378;0.00091969396
0.0009188853664397213;0.00092082185
0.0009190070365653619;0.0009251315
0.0009187534077730226;0.0009254934
0.0009188457191186516;0.00092235196
0.0009185999667419022;0.00091918785
0.0009189161032707872;0.0009191795
0.000918564194825625;0.0009203185
0.0009190171213183356;0.00092591235
0.0009183254591066782;0.00092010706
0.0009181932010687888;0.0009257921
0.0009188999231953762;0.0009217733
0.0009187207572578796;0.00091840257
0.0009185164638696924;0.0009201231
0.0009186424699146301;0.00092199404
0.0009184458797282882;0.0009228646
0.0009185643788231047;0.00092109205
0.0009182688347554129;0.00091967406
0.0009182024424846627;0.0009232224
0.0009182510010922622;0.0009225399
0.0009185340224863275;0.00092552725
0.0009183998703711519;0.0009195125
0.0009180929049187781;0.0009186638
0.0009185145286181452;0.00091962464
0.0009185794071833554;0.0009188112
0.0009183555883110353;0.00092417706
0.0009182284423150122;0.00091858645
0.0009186846207165601;0.00091915135
0.0009180493769235909;0.0009195697
0.0009183383380724607;0.00092044054
0.0009181479107294427;0.0009206626
0.0009183207518225046;0.00092046655
0.0009180556261593378;0.000923156
0.000918193873949349;0.0009271954
0.0009182607002654358;0.0009185474
0.0009180737037432232;0.00092139846
0.0009183126997423212;0.0009183202
0.0009181161871866176;0.00092468667
0.0009179321142820348;0.00092172093
0.0009183351509273052;0.0009207684
0.0009181188170087377;0.0009202258
0.0009180962182213797;0.0009189677
0.0009179735032375902;0.0009203179
0.0009180066982700832;0.00092200044
0.000917784675134738;0.00092008983
0.0009184587877979012;0.0009203197
0.0009180886661143679;0.00091871864
0.0009180048228805198;0.00092008663
0.000918236946270458;0.0009193905
0.00091773700557257;0.00092435256
0.0009182240075039629;0.0009179596
0.0009178100083954633;0.0009182873
0.000917738540294139;0.00091834314
0.0009179929461893871;0.00091940607
0.0009179383748529577;0.00092154
0.0009179483983347094;0.0009179457
0.0009177675678419243;0.00091839547
0.0009180795412363583;0.0009241553
0.0009181874605679982;0.00092247414
0.0009178842399514427;0.00092079723
0.0009177909545159262;0.0009184829
0.0009177361961184559;0.00091833674
0.000917585373390466;0.00092007435
0.0009176755570929105;0.00092710386
0.0009180502521829974;0.00091913
0.0009180503062242152;0.0009189588
0.0009175812691989306;0.0009194882
0.0009178915601468792;0.00092049065
0.0009177255476089685;0.0009214419
0.0009182271236970433;0.00091850926
0.0009178921601146852;0.0009219631
0.0009173745372161073;0.00091793877
0.0009176469532968967;0.0009188634
0.0009178548105257123;0.0009219259
0.0009180028937560948;0.0009228016
0.000917695495606351;0.0009199728
0.0009175233588259863;0.0009203698
0.0009175887308696187;0.000919471
0.0009176065168024874;0.00091724173
0.0009179549667935231;0.0009177506
0.0009173003474471013;0.0009178765
0.0009176603240867783;0.0009213943
0.0009173613800789769;0.0009241123
0.0009177613377227987;0.0009181175
0.0009172822392888759;0.00091807154
0.0009174315462281045;0.0009282051
0.000917682051842444;0.0009179094
0.000917397927995281;0.00091814174
0.0009174430329891804;0.00091671274
0.0009176626642798318;0.0009261123
0.0009174045052158794;0.0009183478
0.0009174133342764291;0.0009180797
0.0009174163298877446;0.0009248313
0.0009176603965706339;0.0009190683
0.0009175553688730456;0.0009199185
0.000917366090242898;0.0009201131
0.0009174031213440589;0.000919069
0.0009176937610180558;0.00091726787
0.0009174375267895429;0.00091995567
0.0009175843375391866;0.0009213418
0.0009172523007605617;0.0009166137
0.000917148669679208;0.00091957586
0.0009174869449098447;0.00091816555
0.0009174550123708813;0.000920544
0.0009170870859126904;0.00091989717
0.0009174142100872766;0.0009186179
0.0009175598316850435;0.00091905275
0.0009174507850241896;0.00091820525
0.0009175079790140061;0.00091789797
0.000917082462876447;0.0009177045
0.0009171991127445117;0.00092839805
0.0009172750114904422;0.0009226687
0.0009176032130581964;0.0009183507
0.0009172014754241038;0.00093150325
0.0009175903013735814;0.0009180218
0.0009170455070776179;0.0009185702
0.0009173615672625602;0.00092611706
0.0009173544178300194;0.0009182653
0.0009173566748780247;0.0009181082
0.0009177352268077237;0.00092371285
0.0009174159019082589;0.0009188594
0.0009169546337675696;0.00091967796
0.0009173452647059764;0.00092080736
0.0009174045855424514;0.0009195962
0.0009173635492640499;0.0009279876
0.0009171959936104127;0.0009310041
0.0009173161419427121;0.0009232536
0.00091744476077637;0.0009228557
0.0009173227559873148;0.00091813266
0.0009171451936402407;0.00091991783
0.0009171955152659824;0.0009182505
0.0009175094042439013;0.00091929105
0.000917181434710265;0.00091947126
0.0009169564767446565;0.0009227873
0.0009171413689067489;0.00092149846
0.0009171850275934526;0.0009179137
0.0009169257856219223;0.00091969286
0.0009177621605953104;0.00091965805
0.0009170889019917109;0.00092158496
0.0009173429755518507;0.0009181228
0.0009169727373917245;0.0009210519
0.0009173236091890814;0.00091887085
0.0009172432695662505;0.0009178153
0.000916968175626703;0.00092017045
0.0009171152935289827;0.0009194929
0.0009171513183728645;0.0009200635
0.0009171609151618261;0.00091996376
0.000917322689262954;0.00091742346
0.0009169408632442355;0.0009198596
0.0009172107668985661;0.00091959815
0.00091704357029429;0.0009167105
