0.0030656978548665335;0.004260614514350891;[-0.4841856582593618, 0.8179244446234688, 0.9054189361246465, -0.5267880882327618, -0.11611087793519137, -0.1995752664932673, -0.47865860740247745, 0.12112683613115927, -0.21356302201116328, 0.28271575333856513, 0.5386969250063471, 0.1414397345722591, -0.8244158725364836, -0.31434433694382324, 0.29035275125220705, 0.39284847982364, -0.14118514371460988, 0.8234749949155991, -0.13339971485251656, -0.9580650180886474, -0.09945140349194137, -0.38667586645003227, -0.8419775369064382, 0.6903649203278275]
0.0030812214731505395;0.004291027784347534;[-0.48408567905426025, 0.8178244233131409, 0.9053189158439636, -0.5268881320953369, -0.1160108745098114, -0.19967526197433472, -0.47855862975120544, 0.12122683972120285, -0.21346302330493927, 0.28281575441360474, 0.5385969281196594, 0.1413397341966629, -0.8243158459663391, -0.3142443597316742, 0.29025277495384216, 0.3929484784603119, -0.14108514785766602, 0.8233749866485596, -0.13349971175193787, -0.9581650495529175, -0.09935139864683151, -0.3865758776664734, -0.8418775200843811, 0.6904649138450623]
0.0048492578044912315;0.0072886645793914795;[-0.47420594096183777, 0.8078582286834717, 0.8952904939651489, -0.5368672609329224, -0.10629958659410477, -0.20992065966129303, -0.4683821499347687, 0.13122157752513885, -0.20346596837043762, 0.2927371859550476, 0.5285601615905762, 0.1313508003950119, -0.8143243789672852, -0.3049048185348511, 0.28024065494537354, 0.40226849913597107, -0.13137324154376984, 0.8133449554443359, -0.1437564194202423, -0.9682708978652954, -0.08942102640867233, -0.37633925676345825, -0.8317779302597046, 0.7004483342170715]
0.006812721130006704;0.00978688895702362;[-0.4756227731704712, 0.7986418604850769, 0.8851802945137024, -0.5468217730522156, -0.10205560177564621, -0.222611665725708, -0.45485982298851013, 0.14139539003372192, -0.1932399421930313, 0.3014765679836273, 0.518125057220459, 0.12125863879919052, -0.8038676977157593, -0.31825846433639526, 0.2698962390422821, 0.4085215628147125, -0.1270744651556015, 0.802614688873291, -0.1558455377817154, -0.974173367023468, -0.08432222902774811, -0.36164194345474243, -0.8203447461128235, 0.7105020880699158]
0.009773024392510442;0.014546632766723633;[-0.4799693524837494, 0.7866501808166504, 0.8725100755691528, -0.5594027638435364, -0.09532015025615692, -0.23659807443618774, -0.44049543142318726, 0.15407659113407135, -0.18050482869148254, 0.31315886974334717, 0.5053554773330688, 0.10860340297222137, -0.790898859500885, -0.3329859972000122, 0.2569115459918976, 0.4199465215206146, -0.12025585770606995, 0.7896095514297485, -0.16948582231998444, -0.9817839860916138, -0.07685405015945435, -0.346902459859848, -0.8069519996643066, 0.72314453125]
0.013663608438367312;0.020629718899726868;[-0.48625659942626953, 0.7728067636489868, 0.8582109212875366, -0.5728349685668945, -0.08604156225919724, -0.25193727016448975, -0.4261906147003174, 0.1675119251012802, -0.1668655276298523, 0.32619866728782654, 0.492154061794281, 0.09509101510047913, -0.7768206596374512, -0.34750425815582275, 0.24182523787021637, 0.4292803406715393, -0.1108921617269516, 0.7751219868659973, -0.18487995862960815, -0.9851908087730408, -0.06682060658931732, -0.33277028799057007, -0.792012631893158, 0.7366125583648682]
0.01807743257202876;0.027345627546310425;[-0.49273452162742615, 0.7577521204948425, 0.8426830768585205, -0.5853114724159241, -0.07584159821271896, -0.2691188156604767, -0.4128674864768982, 0.17990143597126007, -0.1537739485502243, 0.3387341797351837, 0.48079320788383484, 0.08238919824361801, -0.7625543475151062, -0.36111173033714294, 0.2245045006275177, 0.4198927879333496, -0.10062507539987564, 0.75935298204422, -0.20258796215057373, -0.9671295881271362, -0.0556858591735363, -0.32060733437538147, -0.7753357887268066, 0.749138355255127]
0.02390898200270026;0.03556285798549652;[-0.5020337104797363, 0.7431647777557373, 0.827499270439148, -0.5985527038574219, -0.06389826536178589, -0.284697026014328, -0.40073755383491516, 0.194113090634346, -0.14108942449092865, 0.35109031200408936, 0.46500280499458313, 0.06834352761507034, -0.7520166635513306, -0.37184783816337585, 0.22510939836502075, 0.3952696621417999, -0.08866725116968155, 0.7439365983009338, -0.21910564601421356, -0.9743093252182007, -0.04367271810770035, -0.30506277084350586, -0.7592293620109558, 0.762416660785675]
0.031765699968877376;0.04831551015377045;[-0.5138595700263977, 0.7271110415458679, 0.8114860653877258, -0.6140250563621521, -0.04973011463880539, -0.30101263523101807, -0.3872484862804413, 0.2113228440284729, -0.12679122388362885, 0.36530250310897827, 0.4452268183231354, 0.05185559391975403, -0.7430285215377808, -0.3819054067134857, 0.24293990433216095, 0.3714688718318939, -0.07454221695661545, 0.7270634174346924, -0.2365582436323166, -0.997035562992096, -0.030061129480600357, -0.28588059544563293, -0.7420378923416138, 0.7779839038848877]
0.039170326306244355;0.05795915424823761;[-0.5222634077072144, 0.7115139365196228, 0.7958794236183167, -0.6266875863075256, -0.04176393523812294, -0.3155892491340637, -0.3752240538597107, 0.22526948153972626, -0.11442055553197861, 0.37749019265174866, 0.43066513538360596, 0.03831784799695015, -0.7345539927482605, -0.3916439116001129, 0.2574627101421356, 0.3520701825618744, -0.06649597734212875, 0.711449146270752, -0.25258392095565796, -1.0110105276107788, -0.017258021980524063, -0.27046236395835876, -0.7264357209205627, 0.7907773852348328]
0.04637861948098217;0.06653515994548798;[-0.5272144675254822, 0.6972102522850037, 0.7815846800804138, -0.6386644244194031, -0.040895476937294006, -0.3285706639289856, -0.3624856770038605, 0.23821812868118286, -0.10259976983070374, 0.3894123435020447, 0.41310349106788635, 0.027486296370625496, -0.7259815335273743, -0.40453988313674927, 0.2676984369754791, 0.3573698401451111, -0.06527996808290482, 0.697610080242157, -0.2669394016265869, -1.0247907638549805, -0.004016590770334005, -0.25689035654067993, -0.7124543786048889, 0.8028336763381958]
0.054963267148282355;0.07806013524532318;[-0.5330963134765625, 0.6813490986824036, 0.7661533951759338, -0.6520625352859497, -0.040052950382232666, -0.34355178475379944, -0.3481893539428711, 0.2525078356266022, -0.08928009867668152, 0.402884840965271, 0.3954795002937317, 0.01527478452771902, -0.7159525156021118, -0.41875550150871277, 0.2797892093658447, 0.36391016840934753, -0.0640270784497261, 0.6820422410964966, -0.2830791473388672, -1.0391854047775269, 0.010459022596478462, -0.24216099083423615, -0.6967067122459412, 0.8163173198699951]
0.06394003479829315;0.09016215801239014;[-0.5394657254219055, 0.6650175452232361, 0.7489194273948669, -0.6648210287094116, -0.03936963528394699, -0.35959285497665405, -0.3344920873641968, 0.26608937978744507, -0.07575573027133942, 0.4161067306995392, 0.3795318603515625, 0.0035288939252495766, -0.7037538290023804, -0.43327680230140686, 0.2864380478858948, 0.3705209195613861, -0.06291064620018005, 0.6660489439964294, -0.299848735332489, -1.0521314144134521, 0.02480180934071541, -0.2285609096288681, -0.6804490089416504, 0.8291599750518799]
0.07494932872953088;0.10859218239784241;[-0.5674809217453003, 0.6492489576339722, 0.7298815846443176, -0.6786422729492188, -0.042042139917612076, -0.36047041416168213, -0.3214132785797119, 0.2804505527019501, -0.06095563992857933, 0.4278746247291565, 0.36407873034477234, -0.009393995627760887, -0.6865813136100769, -0.45475929975509644, 0.28562819957733154, 0.3777267336845398, -0.06473030894994736, 0.6469172239303589, -0.30395227670669556, -1.0630935430526733, 0.047839079052209854, -0.21692363917827606, -0.6636626720428467, 0.8430825471878052]
0.08643547982566198;0.12544646859169006;[-0.58877032995224, 0.6348810791969299, 0.7110204100608826, -0.692293107509613, -0.043513618409633636, -0.3502938747406006, -0.31200453639030457, 0.295041024684906, -0.049745917320251465, 0.4384412169456482, 0.34819650650024414, -0.02209659293293953, -0.677482545375824, -0.4686993658542633, 0.3072032928466797, 0.3859979808330536, -0.06544839590787888, 0.6272822618484497, -0.2980544865131378, -1.0730699300765991, 0.06706501543521881, -0.20231495797634125, -0.6469117999076843, 0.8568903207778931]
0.09642843253329657;0.13760089874267578;[-0.604540228843689, 0.6219801306724548, 0.6950502395629883, -0.7037234902381897, -0.044381335377693176, -0.34128275513648987, -0.30559152364730835, 0.30749374628067017, -0.04184924066066742, 0.44731399416923523, 0.33465781807899475, -0.03270614519715309, -0.6738156676292419, -0.4777226150035858, 0.33002158999443054, 0.39327821135520935, -0.06574344635009766, 0.6104247570037842, -0.2925093472003937, -1.078662395477295, 0.08208361268043518, -0.18858219683170319, -0.6318110227584839, 0.8685034513473511]
0.1058106128435585;0.14743837714195251;[-0.6178733706474304, 0.61004638671875, 0.682706356048584, -0.7136838436126709, -0.045033134520053864, -0.33331143856048584, -0.2983134388923645, 0.3185689151287079, -0.03417297080159187, 0.4552144408226013, 0.3225914239883423, -0.04199196398258209, -0.6704391241073608, -0.4861372709274292, 0.3461955189704895, 0.39925217628479004, -0.06587127596139908, 0.5955226421356201, -0.2873581647872925, -1.084859848022461, 0.09535547345876694, -0.17745237052440643, -0.6181896924972534, 0.8786337375640869]
0.11536679757089399;0.15676304697990417;[-0.6295889616012573, 0.5970767140388489, 0.6665892004966736, -0.7229471802711487, -0.045583199709653854, -0.3254494071006775, -0.2934611737728119, 0.32905033230781555, -0.026054037734866142, 0.46403974294662476, 0.31154122948646545, -0.05074430629611015, -0.6672791838645935, -0.493980348110199, 0.3587055504322052, 0.40465354919433594, -0.06601325422525406, 0.5822614431381226, -0.2821231782436371, -1.0941003561019897, 0.1075616255402565, -0.16574685275554657, -0.6061236262321472, 0.8880171179771423]
0.12695921926234738;0.17220565676689148;[-0.6413352489471436, 0.582359790802002, 0.6482768058776855, -0.7332746982574463, -0.04573856666684151, -0.31748300790786743, -0.2849901020526886, 0.3403126299381256, -0.012437685392796993, 0.47566962242126465, 0.30053216218948364, -0.06042831018567085, -0.6493850350379944, -0.5084002614021301, 0.3558614253997803, 0.41082340478897095, -0.06568937748670578, 0.5681134462356567, -0.27642154693603516, -1.1009035110473633, 0.12215021997690201, -0.15617245435714722, -0.5932724475860596, 0.8984751105308533]
0.14012851068464635;0.19237248599529266;[-0.652116060256958, 0.5663949847221375, 0.6299939751625061, -0.7443442940711975, -0.04553113132715225, -0.30928486585617065, -0.27100643515586853, 0.35234564542770386, 0.0053368196822702885, 0.4892668128013611, 0.28906378149986267, -0.07080282270908356, -0.6246578097343445, -0.5268212556838989, 0.33794209361076355, 0.4171294569969177, -0.06496318429708481, 0.5524850487709045, -0.27019003033638, -1.1068172454833984, 0.13746781647205353, -0.1489820033311844, -0.57890385389328, 0.909713089466095]
0.1521653488502655;0.20936714112758636;[-0.6613736152648926, 0.5515060424804688, 0.6132465600967407, -0.7539599537849426, -0.0454290397465229, -0.3015054762363434, -0.2588230073451996, 0.363397479057312, 0.020739587023854256, 0.5014054179191589, 0.2782621383666992, -0.07999137043952942, -0.6051005721092224, -0.542183518409729, 0.32118284702301025, 0.4223749339580536, -0.06444472074508667, 0.5377942323684692, -0.2642654478549957, -1.1127747297286987, 0.15058687329292297, -0.14202053844928741, -0.5650448799133301, 0.9195447564125061]
0.1641304418518385;0.2267257571220398;[-0.6701277494430542, 0.5364603996276855, 0.59660404920578, -0.7630529999732971, -0.04533645883202553, -0.2935502827167511, -0.24693791568279266, 0.3744235336780548, 0.03565698862075806, 0.5133796334266663, 0.2673667073249817, -0.08881667256355286, -0.5869989991188049, -0.5567061305046082, 0.3040854334831238, 0.4270670711994171, -0.06398873776197433, 0.5228956937789917, -0.25819507241249084, -1.118772268295288, 0.1630006581544876, -0.13479207456111908, -0.5508120656013489, 0.9289189577102661]
0.17710897591076738;0.24530673027038574;[-0.6793319582939148, 0.5216657519340515, 0.580477237701416, -0.7714853286743164, -0.04584936797618866, -0.28533756732940674, -0.23416809737682343, 0.3850090801715851, 0.050321951508522034, 0.5222698450088501, 0.2551807165145874, -0.09753253310918808, -0.5700212717056274, -0.569834291934967, 0.2859843671321869, 0.42948582768440247, -0.06430370360612869, 0.5068240761756897, -0.2518966495990753, -1.1432702541351318, 0.17476995289325714, -0.1296975314617157, -0.535067617893219, 0.9373939633369446]
0.18972679917180074;0.2628288269042969;[-0.6888565421104431, 0.5082123279571533, 0.5656641125679016, -0.7794811129570007, -0.046504728496074677, -0.27762913703918457, -0.22274243831634521, 0.3952476382255554, 0.06385903805494308, 0.5290897488594055, 0.24244190752506256, -0.10596869140863419, -0.554790198802948, -0.5817042589187622, 0.2694540321826935, 0.43113628029823303, -0.06485089659690857, 0.4918590188026428, -0.24590946733951569, -1.1692287921905518, 0.18611375987529755, -0.12570735812187195, -0.5202085375785828, 0.9452680349349976]
0.20066258733902748;0.2762865424156189;[-0.6976310610771179, 0.4964058995246887, 0.5522080659866333, -0.7866656184196472, -0.04686715081334114, -0.2709084749221802, -0.21353843808174133, 0.404102087020874, 0.07555173337459564, 0.5352684259414673, 0.23170314729213715, -0.11334341019392014, -0.541506826877594, -0.592296302318573, 0.25527423620224, 0.43321624398231506, -0.06511039286851883, 0.4789097011089325, -0.24066956341266632, -1.1865105628967285, 0.19691790640354156, -0.12269602715969086, -0.5072795748710632, 0.9523215889930725]
0.21042519909062285;0.28885918855667114;[-0.7054150104522705, 0.48597580194473267, 0.5405012965202332, -0.7932829856872559, -0.0471637099981308, -0.2650092542171478, -0.20510335266590118, 0.41231805086135864, 0.08604773879051208, 0.5410110950469971, 0.22190555930137634, -0.12008482217788696, -0.5298185348510742, -0.6018065214157104, 0.24288202822208405, 0.4351220428943634, -0.06532824784517288, 0.46754899621009827, -0.23606836795806885, -1.2011085748672485, 0.20652903616428375, -0.11976249516010284, -0.49599170684814453, 0.9588459134101868]
0.22122542573338774;0.30219030380249023;[-0.7134566307067871, 0.475361168384552, 0.5300082564353943, -0.801985502243042, -0.04739837720990181, -0.2590010166168213, -0.19415676593780518, 0.422849178314209, 0.09739447385072708, 0.5484514832496643, 0.20961834490299225, -0.12846897542476654, -0.5187358856201172, -0.612101137638092, 0.22963662445545197, 0.43793532252311707, -0.06544631719589233, 0.4562205970287323, -0.23137351870536804, -1.2194738388061523, 0.21656544506549835, -0.1141456812620163, -0.48508548736572266, 0.9674373865127563]
0.2339710539132971;0.32186198234558105;[-0.727070152759552, 0.46097496151924133, 0.5145529508590698, -0.8128973841667175, -0.047746945172548294, -0.2512947618961334, -0.18791738152503967, 0.43616026639938354, 0.10296735912561417, 0.5565000176429749, 0.19540326297283173, -0.13923121988773346, -0.5202523469924927, -0.624312162399292, 0.19994290173053741, 0.44093045592308044, -0.06595651805400848, 0.44126203656196594, -0.22527804970741272, -1.2387278079986572, 0.23084020614624023, -0.0953918918967247, -0.47050344944000244, 0.9782053232192993]
0.24199396988360747;0.33027383685112;[-0.734906792640686, 0.45169225335121155, 0.5045129656791687, -0.8224694728851318, -0.047817789018154144, -0.24632686376571655, -0.18077680468559265, 0.444155216217041, 0.10680213570594788, 0.5638290643692017, 0.18752624094486237, -0.14739952981472015, -0.5216063857078552, -0.6321855187416077, 0.18545830249786377, 0.44550561904907227, -0.0660506933927536, 0.4314984977245331, -0.2213142365217209, -1.2475590705871582, 0.23953081667423248, -0.08389558643102646, -0.4608193635940552, 0.9872447848320007]
0.2513270608728568;0.3425215780735016;[-0.7439343929290771, 0.43947485089302063, 0.4902431070804596, -0.8351154923439026, -0.047687072306871414, -0.23983760178089142, -0.17087127268314362, 0.45216071605682373, 0.11119859665632248, 0.574001133441925, 0.18053783476352692, -0.15764282643795013, -0.5231766104698181, -0.6417403817176819, 0.16896496713161469, 0.4529673159122467, -0.06591774523258209, 0.41846850514411926, -0.21612116694450378, -1.2519888877868652, 0.25009360909461975, -0.0709463432431221, -0.4475102722644806, 0.9989365935325623]
0.25940740207072654;0.3520681858062744;[-0.7522632479667664, 0.42827799916267395, 0.4771033823490143, -0.8454256653785706, -0.04757865518331528, -0.23386161029338837, -0.16277280449867249, 0.4591667056083679, 0.11505333334207535, 0.5825821757316589, 0.17438837885856628, -0.16616587340831757, -0.5245203375816345, -0.6504210829734802, 0.15457452833652496, 0.45900803804397583, -0.06585301458835602, 0.40649476647377014, -0.2113441377878189, -1.2551006078720093, 0.2595502436161041, -0.05978699401021004, -0.43529340624809265, 1.0085742473602295]
0.2668558907586777;0.3605027198791504;[-0.7599359154701233, 0.417309433221817, 0.46423929929733276, -0.8543335795402527, -0.047432444989681244, -0.22795884311199188, -0.15507382154464722, 0.46542787551879883, 0.11868585646152496, 0.5902705788612366, 0.16887085139751434, -0.17353229224681854, -0.5258188843727112, -0.6584553718566895, 0.14123041927814484, 0.46424242854118347, -0.06587309390306473, 0.3945556879043579, -0.20666058361530304, -1.2564647197723389, 0.2684263586997986, -0.04971943795681, -0.423222154378891, 1.0170236825942993]
0.2741351697597747;0.3690716624259949;[-0.7688549757003784, 0.40672767162323, 0.4520650804042816, -0.8632806539535522, -0.04727397486567497, -0.22238129377365112, -0.1490931510925293, 0.4720124304294586, 0.12225767970085144, 0.5978599786758423, 0.16308240592479706, -0.18095004558563232, -0.5271896719932556, -0.6669620871543884, 0.1286107897758484, 0.46935462951660156, -0.06585652381181717, 0.3835199475288391, -0.20225419104099274, -1.2591744661331177, 0.2783884108066559, -0.04006567597389221, -0.4121863842010498, 1.025557041168213]
0.2820852245279617;0.37977468967437744;[-0.7783119082450867, 0.39435815811157227, 0.43826448917388916, -0.8732916712760925, -0.047033730894327164, -0.21595583856105804, -0.1418151557445526, 0.479509562253952, 0.12638327479362488, 0.6070976853370667, 0.15667299926280975, -0.1891673505306244, -0.5288326740264893, -0.6765798330307007, 0.1144634485244751, 0.4750840663909912, -0.06580804288387299, 0.3707989454269409, -0.19721439480781555, -1.2611414194107056, 0.28924453258514404, -0.028851162642240524, -0.3995138704776764, 1.0351512432098389]
0.28876028272844273;0.3881681561470032;[-0.781513512134552, 0.38378554582595825, 0.4278174042701721, -0.8844819664955139, -0.04627210274338722, -0.21038617193698883, -0.12763726711273193, 0.4866879880428314, 0.13103558123111725, 0.6181986331939697, 0.15071529150009155, -0.19757498800754547, -0.5314883589744568, -0.683461606502533, 0.10296379774808884, 0.481716513633728, -0.06521010398864746, 0.3594360649585724, -0.19282492995262146, -1.2620896100997925, 0.29556334018707275, -0.017716532573103905, -0.3883279263973236, 1.0457887649536133]
0.29421749451121904;0.39539605379104614;[-0.7937313914299011, 0.37416693568229675, 0.4190713167190552, -0.8917065858840942, -0.04642489179968834, -0.2052522599697113, -0.12394306808710098, 0.49294090270996094, 0.13308526575565338, 0.6243652105331421, 0.14610280096530914, -0.20335619151592255, -0.5319422483444214, -0.6926164031028748, 0.09408104419708252, 0.4862126410007477, -0.06540855020284653, 0.34946608543395996, -0.18896795809268951, -1.2565360069274902, 0.3072930574417114, -0.01104804314672947, -0.37850093841552734, 1.053249716758728]
0.2998520345254218;0.40267491340637207;[-0.8049619197845459, 0.3644416034221649, 0.40958908200263977, -0.898345947265625, -0.04616979882121086, -0.20003533363342285, -0.12263272702693939, 0.49914929270744324, 0.134977787733078, 0.6301032304763794, 0.14141298830509186, -0.20879989862442017, -0.5321464538574219, -0.7013356685638428, 0.08476506918668747, 0.49034708738327026, -0.06522638350725174, 0.3395015597343445, -0.18503645062446594, -1.2511271238327026, 0.3198154866695404, -0.004874427802860737, -0.36864593625068665, 1.0601513385772705]
0.3057722275574121;0.41067153215408325;[-0.8163424134254456, 0.3543534278869629, 0.39936181902885437, -0.9056375622749329, -0.04592853784561157, -0.19469662010669708, -0.12165161967277527, 0.506013810634613, 0.1372203826904297, 0.6362022757530212, 0.13602450489997864, -0.2148406058549881, -0.5325645208358765, -0.7106353044509888, 0.074689581990242, 0.4946845471858978, -0.06506583839654922, 0.32925882935523987, -0.18099983036518097, -1.2472025156021118, 0.3325529396533966, 0.001988042378798127, -0.35847941040992737, 1.0676393508911133]
0.311520369714241;0.4186391234397888;[-0.8273131251335144, 0.34434518218040466, 0.38915660977363586, -0.9131146669387817, -0.04563743621110916, -0.18932019174098969, -0.1206476017832756, 0.5130684971809387, 0.13950277864933014, 0.6424092054367065, 0.1304681897163391, -0.22097726166248322, -0.5330298542976379, -0.7199777960777283, 0.0645492747426033, 0.4991147816181183, -0.06485684961080551, 0.3190426826477051, -0.17690926790237427, -1.2432445287704468, 0.3448473811149597, 0.009016296826303005, -0.34836941957473755, 1.0753002166748047]
0.3171552879210686;0.4267458915710449;[-0.8381059169769287, 0.33427396416664124, 0.3790363669395447, -0.9209614396095276, -0.04534054920077324, -0.18397647142410278, -0.11964938789606094, 0.5204208493232727, 0.14175863564014435, 0.6488364934921265, 0.1246679425239563, -0.2273600995540619, -0.5334378480911255, -0.7294983863830566, 0.05417090654373169, 0.5036486387252808, -0.0646415576338768, 0.3088095486164093, -0.17285537719726562, -1.2396111488342285, 0.35700705647468567, 0.016209719702601433, -0.33826255798339844, 1.083303451538086]
0.32243434767088247;0.43436282873153687;[-0.8483851552009583, 0.3244570791721344, 0.3707211911678314, -0.9288807511329651, -0.045054223388433456, -0.17864608764648438, -0.1156802773475647, 0.5278470516204834, 0.1440633237361908, 0.6552351713180542, 0.11878534406423569, -0.23370005190372467, -0.533907949924469, -0.7392178773880005, 0.04389617592096329, 0.5082208514213562, -0.06442002952098846, 0.2987564206123352, -0.16878069937229156, -1.235836386680603, 0.36870276927948, 0.022031467407941818, -0.32835283875465393, 1.091377854347229]
0.32755362373408803;0.4419233798980713;[-0.8583880662918091, 0.3146630823612213, 0.36238226294517517, -0.9369863271713257, -0.044692713767290115, -0.17355801165103912, -0.11235751956701279, 0.5354781150817871, 0.14642956852912903, 0.6614646315574646, 0.11490076780319214, -0.23988620936870575, -0.53447026014328, -0.748087465763092, 0.033834781497716904, 0.5133146643638611, -0.06414458900690079, 0.288778692483902, -0.1649356484413147, -1.2314658164978027, 0.3801269829273224, 0.028204355388879776, -0.3184136152267456, 1.0996382236480713]
0.3325637033247803;0.44941675662994385;[-0.8680785298347473, 0.3049336373806, 0.35392817854881287, -0.9452937245368958, -0.044280655682086945, -0.16867853701114655, -0.11048898100852966, 0.5433353781700134, 0.1488826721906662, 0.6672648191452026, 0.11453201621770859, -0.24557970464229584, -0.5350967645645142, -0.7555758953094482, 0.024084260687232018, 0.5197296142578125, -0.06385389715433121, 0.27887311577796936, -0.16127759218215942, -1.2262320518493652, 0.3913407623767853, 0.03489871323108673, -0.3084552586078644, 1.1080994606018066]
0.3362731199720108;0.45495927333831787;[-0.8755618333816528, 0.295528769493103, 0.347150593996048, -0.9530221223831177, -0.04374825209379196, -0.16403204202651978, -0.1022697389125824, 0.5491532683372498, 0.15286165475845337, 0.6755362749099731, 0.11358945071697235, -0.25107845664024353, -0.5377032160758972, -0.7628867030143738, 0.016503682360053062, 0.5259575843811035, -0.063471719622612, 0.2704216241836548, -0.15775389969348907, -1.2183830738067627, 0.4003430902957916, 0.039285656064748764, -0.29964280128479004, 1.1157301664352417]
0.3390835510269417;0.4593208134174347;[-0.8816145658493042, 0.2864431142807007, 0.3414618968963623, -0.9597603678703308, -0.04319705441594124, -0.15954241156578064, -0.09115099161863327, 0.5535520911216736, 0.15724657475948334, 0.6844300627708435, 0.11254791170358658, -0.25600749254226685, -0.5408191084861755, -0.7700378894805908, 0.00961726438254118, 0.5315322875976562, -0.06310423463582993, 0.2626756429672241, -0.1543198674917221, -1.2089123725891113, 0.40787503123283386, 0.042073216289281845, -0.29145023226737976, 1.1222832202911377]
0.34224527845696673;0.46361324191093445;[-0.8878442049026489, 0.27735912799835205, 0.3356127142906189, -0.9666778445243835, -0.04275277629494667, -0.1547517478466034, -0.0827803984284401, 0.5580739378929138, 0.16142591834068298, 0.6927435994148254, 0.11076901108026505, -0.26107126474380493, -0.5446438193321228, -0.7745123505592346, 0.007231402676552534, 0.5371733903884888, -0.06265319138765335, 0.25485289096832275, -0.15083445608615875, -1.1997547149658203, 0.41547664999961853, 0.04528943449258804, -0.28318294882774353, 1.1289435625076294]
0.3452914980596426;0.4673413336277008;[-0.893542468547821, 0.26856741309165955, 0.32993751764297485, -0.9729430675506592, -0.04236816242337227, -0.14985674619674683, -0.0760142058134079, 0.5620749592781067, 0.16525821387767792, 0.7004128694534302, 0.10856122523546219, -0.2656274139881134, -0.5486438870429993, -0.7766602635383606, 0.008657674305140972, 0.5424668788909912, -0.06212183088064194, 0.24715733528137207, -0.14739912748336792, -1.1893013715744019, 0.4225063920021057, 0.048299528658390045, -0.2750515639781952, 1.134961485862732]
0.3452431842980218;0.4692078232765198;[-0.894066572189331, 0.26228004693984985, 0.32684817910194397, -0.9729771018028259, -0.04184037819504738, -0.14653907716274261, -0.0675845742225647, 0.5612319707870483, 0.16688832640647888, 0.7056879997253418, 0.11070744693279266, -0.26522621512413025, -0.5504712462425232, -0.7769641876220703, 0.00935261882841587, 0.5447069406509399, -0.061680011451244354, 0.24130268394947052, -0.14510366320610046, -1.1696534156799316, 0.42442262172698975, 0.047873444855213165, -0.26868054270744324, 1.1352825164794922]
0.34518981296968726;0.4709858298301697;[-0.894590437412262, 0.2559283673763275, 0.3237290680408478, -0.9727627635002136, -0.041255708783864975, -0.14318737387657166, -0.05895683914422989, 0.5601580142974854, 0.16850189864635468, 0.7109931111335754, 0.11324011534452438, -0.2647037208080292, -0.5522964596748352, -0.7772887349128723, 0.010029910132288933, 0.5467646718025208, -0.0611962266266346, 0.2353331297636032, -0.14277788996696472, -1.1520758867263794, 0.42613527178764343, 0.04738859087228775, -0.26219868659973145, 1.1353932619094849]
0.34515711557800666;0.47271305322647095;[-0.8949442505836487, 0.249464213848114, 0.32054445147514343, -0.9723680019378662, -0.04072188585996628, -0.13980157673358917, -0.05019310861825943, 0.5588977336883545, 0.17015524208545685, 0.7163910865783691, 0.11609970778226852, -0.26410338282585144, -0.5541015863418579, -0.7775670886039734, 0.010699714533984661, 0.5486896634101868, -0.0607776902616024, 0.22923271358013153, -0.14043231308460236, -1.1359367370605469, 0.4278036952018738, 0.04679017886519432, -0.2555830180644989, 1.1353542804718018]
0.3451342254179752;0.4744102358818054;[-0.8951708078384399, 0.24288928508758545, 0.31727614998817444, -0.9718160033226013, -0.04013993963599205, -0.13635219633579254, -0.0413520522415638, 0.5574678778648376, 0.17181549966335297, 0.7218955159187317, 0.11920857429504395, -0.2633880078792572, -0.5559760928153992, -0.7777766585350037, 0.011385614983737469, 0.5505952835083008, -0.06032247468829155, 0.22298698127269745, -0.13804130256175995, -1.1208529472351074, 0.4294467270374298, 0.04609224200248718, -0.24883149564266205, 1.135185718536377]
0.3467723556014054;0.4784713387489319;[-0.8977345824241638, 0.2419733852148056, 0.3133701980113983, -0.9729203581809998, -0.04000909999012947, -0.13317370414733887, -0.032581478357315063, 0.5570508241653442, 0.17475397884845734, 0.7195534110069275, 0.11929632723331451, -0.2647048830986023, -0.5582691431045532, -0.7793046236038208, 0.012813344597816467, 0.5519618391990662, -0.060017965734004974, 0.21731774508953094, -0.1375368982553482, -1.107032299041748, 0.43272027373313904, 0.04204834997653961, -0.24171867966651917, 1.1368436813354492]
0.3613846555518377;0.5541468262672424;[-0.9218129515647888, 0.23855018615722656, 0.30089685320854187, -1.0006296634674072, -0.04006902500987053, -0.12061109393835068, -0.004680898040533066, 0.5818138122558594, 0.19772297143936157, 0.7235681414604187, 0.09596482664346695, -0.2895578145980835, -0.5819505453109741, -0.7978509068489075, 0.016066530719399452, 0.5655316710472107, -0.05863182619214058, 0.20021246373653412, -0.13578158617019653, -1.106994867324829, 0.4600728750228882, 0.04304890334606171, -0.22236844897270203, 1.1649401187896729]
0.3686307941299622;0.5784816145896912;[-0.9291245341300964, 0.24045304954051971, 0.2915668189525604, -1.0098848342895508, -0.039479587227106094, -0.10669736564159393, 0.022624783217906952, 0.5890629291534424, 0.21262219548225403, 0.7205450534820557, 0.08636575937271118, -0.2964991629123688, -0.5969800353050232, -0.8084208369255066, 0.01795874908566475, 0.578079104423523, -0.05731813237071037, 0.18250833451747894, -0.1385497897863388, -1.0836992263793945, 0.47096604108810425, 0.02546030469238758, -0.20223678648471832, 1.1753407716751099]
0.37309700144433955;0.5956865549087524;[-0.9345195889472961, 0.2370237112045288, 0.28421491384506226, -1.0178371667861938, -0.03887597471475601, -0.09842103719711304, 0.04302789643406868, 0.5951038599014282, 0.2262941300868988, 0.7255666255950928, 0.0818142518401146, -0.30371543765068054, -0.6108371019363403, -0.8184079527854919, 0.019619161263108253, 0.5866221189498901, -0.05631859600543976, 0.16867513954639435, -0.13881289958953857, -1.0644917488098145, 0.4790293574333191, 0.009230926632881165, -0.18952584266662598, 1.184403419494629]
0.37448745994488386;0.6085575819015503;[-0.9388373494148254, 0.22596383094787598, 0.2753715217113495, -1.0239543914794922, -0.03952391445636749, -0.09539442509412766, 0.0572379045188427, 0.5993890166282654, 0.23712795972824097, 0.7395473718643188, 0.07680224627256393, -0.30941396951675415, -0.621670663356781, -0.8313561677932739, 0.020003944635391235, 0.5929439067840576, -0.05679485946893692, 0.15713107585906982, -0.13503876328468323, -1.0461064577102661, 0.4856632649898529, -0.006002072244882584, -0.18326421082019806, 1.1917811632156372]
0.37428786551403753;0.614537239074707;[-0.9405596256256104, 0.2154800146818161, 0.26951321959495544, -1.024893045425415, -0.03834591433405876, -0.0926932543516159, 0.06092486530542374, 0.5988092422485352, 0.23949965834617615, 0.7484170794487, 0.07322739064693451, -0.3107434809207916, -0.6237635612487793, -0.8413239121437073, 0.01899055391550064, 0.5947372317314148, -0.055749017745256424, 0.1457943618297577, -0.13155847787857056, -1.0333384275436401, 0.4885397255420685, -0.01854747161269188, -0.17740710079669952, 1.1935486793518066]
0.37469090695940255;0.6175669431686401;[-0.9406594634056091, 0.20924724638462067, 0.26675909757614136, -1.0264308452606201, -0.037305522710084915, -0.0913785845041275, 0.0629890039563179, 0.5980649590492249, 0.24097223579883575, 0.7543067932128906, 0.07546626776456833, -0.31202390789985657, -0.6252706050872803, -0.8418698310852051, 0.022984562441706657, 0.5960893630981445, -0.05464518070220947, 0.1385338306427002, -0.1301545351743698, -1.026060700416565, 0.49034687876701355, -0.025024328380823135, -0.1746508628129959, 1.195328712463379]
0.374436400117755;0.6194525361061096;[-0.9402768611907959, 0.20461349189281464, 0.26460689306259155, -1.027715802192688, -0.0367627814412117, -0.090351901948452, 0.06491865962743759, 0.5973078608512878, 0.24196259677410126, 0.7599804401397705, 0.07471359521150589, -0.3130345046520233, -0.6262884140014648, -0.8447027802467346, 0.02343769371509552, 0.5970479249954224, -0.053993675857782364, 0.13200929760932922, -0.12911787629127502, -1.0199542045593262, 0.49152037501335144, -0.029561150819063187, -0.17244502902030945, 1.1967964172363281]
0.37421586859754186;0.6211860179901123;[-0.9399380683898926, 0.20000557601451874, 0.2626170217990875, -1.0288622379302979, -0.036432478576898575, -0.08937271684408188, 0.06658823043107986, 0.5965975522994995, 0.2428300529718399, 0.7652502059936523, 0.07386323064565659, -0.3139474391937256, -0.6271730065345764, -0.8473252654075623, 0.023914994671940804, 0.5978875756263733, -0.05356153845787048, 0.12541604042053223, -0.12809278070926666, -1.0143862962722778, 0.4925902485847473, -0.033575545996427536, -0.17029622197151184, 1.1981110572814941]
0.37389292427924586;0.6224252581596375;[-0.9392306208610535, 0.19569335877895355, 0.2603045403957367, -1.0294469594955444, -0.0356820710003376, -0.0884891152381897, 0.0675320103764534, 0.5954640507698059, 0.24314384162425995, 0.7700479626655579, 0.07297425717115402, -0.314330518245697, -0.6274921298027039, -0.8490249514579773, 0.02479415200650692, 0.5981763601303101, -0.05272491276264191, 0.11884430050849915, -0.1272943764925003, -1.0087724924087524, 0.4930579662322998, -0.03691502660512924, -0.16821981966495514, 1.1988542079925537]
0.37358461303780166;0.6235241889953613;[-0.9379208087921143, 0.1914677917957306, 0.2579846978187561, -1.0298664569854736, -0.03657730296254158, -0.08713687211275101, 0.0683569684624672, 0.5942686200141907, 0.24329312145709991, 0.7743358016014099, 0.0723041296005249, -0.3145727515220642, -0.6276472806930542, -0.8508009314537048, 0.025188203901052475, 0.5983039736747742, -0.05356014519929886, 0.11233104020357132, -0.1267533302307129, -1.0032985210418701, 0.49356934428215027, -0.03963248059153557, -0.16647954285144806, 1.1994246244430542]
0.3733424009737053;0.6250358819961548;[-0.9375410079956055, 0.1870032399892807, 0.25614213943481445, -1.0306456089019775, -0.03618093207478523, -0.08671771734952927, 0.06950482726097107, 0.5935090184211731, 0.24382930994033813, 0.7789338827133179, 0.07164118438959122, -0.3151707351207733, -0.6281934380531311, -0.8527910113334656, 0.024907410144805908, 0.5988194942474365, -0.05309193953871727, 0.10552284866571426, -0.12571385502815247, -0.9984910488128662, 0.49426379799842834, -0.04279443621635437, -0.16437844932079315, 1.200352430343628]
0.37330273953536386;0.6265286207199097;[-0.9373124241828918, 0.18239466845989227, 0.25447961688041687, -1.0315158367156982, -0.03565994277596474, -0.08591075241565704, 0.0706036165356636, 0.5928903222084045, 0.24446195363998413, 0.7831729054450989, 0.07138602435588837, -0.31586048007011414, -0.6288310289382935, -0.8542795181274414, 0.025338944047689438, 0.5994251370429993, -0.05249426141381264, 0.09877168387174606, -0.12496352195739746, -0.9940013289451599, 0.49504348635673523, -0.045701973140239716, -0.16258713603019714, 1.2013643980026245]
0.3733389188806065;0.628006100654602;[-0.9371293783187866, 0.17813092470169067, 0.2528979778289795, -1.032387614250183, -0.03512246161699295, -0.08522254228591919, 0.07170923799276352, 0.5923181772232056, 0.2451038807630539, 0.7869552373886108, 0.07075734436511993, -0.31656113266944885, -0.6294761300086975, -0.8556647300720215, 0.02586345747113228, 0.6000428795814514, -0.05188015103340149, 0.09180884808301926, -0.12407797574996948, -0.9897195100784302, 0.49584221839904785, -0.04839053004980087, -0.16050878167152405, 1.2023696899414062]
0.3733488409969217;0.6294523477554321;[-0.9369339942932129, 0.17353865504264832, 0.25136658549308777, -1.0332444906234741, -0.034662503749132156, -0.08427613973617554, 0.0727778822183609, 0.5917705297470093, 0.24573461711406708, 0.7909173369407654, 0.07023791968822479, -0.3172524571418762, -0.6301102042198181, -0.8572279810905457, 0.02627992257475853, 0.60064697265625, -0.051350101828575134, 0.08495098352432251, -0.12351880222558975, -0.9855518937110901, 0.49665552377700806, -0.05103820934891701, -0.15881140530109406, 1.2033604383468628]
0.37335714909910284;0.6308685541152954;[-0.9366647005081177, 0.16912178695201874, 0.24987083673477173, -1.0340821743011475, -0.03450032323598862, -0.0834367647767067, 0.07387112826108932, 0.5912364721298218, 0.24634920060634613, 0.7946383953094482, 0.06966039538383484, -0.31793341040611267, -0.6307283043861389, -0.8589298725128174, 0.026704533025622368, 0.6012366414070129, -0.051117803901433945, 0.07794118672609329, -0.12285926192998886, -0.9814843535423279, 0.4975127875804901, -0.053491536527872086, -0.15701371431350708, 1.204329252243042]
0.3733899884355754;0.6322641372680664;[-0.9364392757415771, 0.16477233171463013, 0.24840299785137177, -1.034901738166809, -0.034198347479104996, -0.08259978145360947, 0.0749213919043541, 0.5907119512557983, 0.24694867432117462, 0.7982105016708374, 0.0691990777850151, -0.31859880685806274, -0.6313306093215942, -0.8605188131332397, 0.027064260095357895, 0.6018113493919373, -0.05075180158019066, 0.07086238265037537, -0.12225234508514404, -0.9775157570838928, 0.4983408749103546, -0.05583391711115837, -0.15524305403232574, 1.2052792310714722]
0.3728563459097409;0.6328092217445374;[-0.9354928731918335, 0.1616024374961853, 0.24628181755542755, -1.035005807876587, -0.03453241288661957, -0.08163265138864517, 0.07488400489091873, 0.5895047187805176, 0.24683326482772827, 0.8010110855102539, 0.06835921853780746, -0.31856605410575867, -0.6312183737754822, -0.8627004027366638, 0.027152638882398605, 0.6016780138015747, -0.0510343573987484, 0.06796141713857651, -0.12083276361227036, -0.9729987382888794, 0.49850887060165405, -0.05759210139513016, -0.15280212461948395, 1.2055072784423828]
0.37226105702547607;0.6337852478027344;[-0.9353650808334351, 0.15795452892780304, 0.24461472034454346, -1.0355266332626343, -0.03303714096546173, -0.0803055390715599, 0.0747072696685791, 0.588736891746521, 0.24714647233486176, 0.8046243786811829, 0.06817051768302917, -0.3189360499382019, -0.6315324902534485, -0.8652952313423157, 0.02755606919527054, 0.6019680500030518, -0.04950772598385811, 0.06823937594890594, -0.11863990128040314, -0.9689521789550781, 0.4988495409488678, -0.060167405754327774, -0.15042680501937866, 1.2061505317687988]
0.3717836135843954;0.6348328590393066;[-0.9350000023841858, 0.15448176860809326, 0.24315360188484192, -1.0362346172332764, -0.03302859142422676, -0.07922776788473129, 0.0750713050365448, 0.5881717205047607, 0.2476443499326706, 0.8079593181610107, 0.0675911009311676, -0.31951019167900085, -0.632034957408905, -0.8682700395584106, 0.027578294277191162, 0.6024494171142578, -0.04943039268255234, 0.06748618930578232, -0.11640626937150955, -0.9651102423667908, 0.49961307644844055, -0.06258665770292282, -0.14752615988254547, 1.206977367401123]
0.37136599022056743;0.6359400749206543;[-0.9346308708190918, 0.15091091394424438, 0.2417566478252411, -1.0369824171066284, -0.03313381224870682, -0.07755008339881897, 0.0754169300198555, 0.587658703327179, 0.24818508327007294, 0.8114442825317383, 0.06707236915826797, -0.32012513279914856, -0.6325782537460327, -0.8710452318191528, 0.028002865612506866, 0.602970540523529, -0.0494597852230072, 0.06679970026016235, -0.11426889896392822, -0.9613404870033264, 0.5004065036773682, -0.06515885144472122, -0.14501653611660004, 1.2078397274017334]
0.37091652617319926;0.6369999051094055;[-0.9343292117118835, 0.14714236557483673, 0.24038580060005188, -1.037734866142273, -0.03303053230047226, -0.07641734182834625, 0.07577573508024216, 0.5871662497520447, 0.2487340271472931, 0.8150532841682434, 0.06658120453357697, -0.32074373960494995, -0.6331304311752319, -0.8736722469329834, 0.02827497385442257, 0.603500247001648, -0.04928682744503021, 0.06610545516014099, -0.11231254786252975, -0.9576084017753601, 0.5011533498764038, -0.0677487924695015, -0.1425022929906845, 1.2087082862854004]
0.37050256755694355;0.638046145439148;[-0.9341417551040649, 0.14354217052459717, 0.2390289306640625, -1.038482666015625, -0.03266497701406479, -0.07516375929117203, 0.0761178657412529, 0.5866789817810059, 0.24928279221057892, 0.8185594081878662, 0.06597515195608139, -0.32135748863220215, -0.6336820721626282, -0.8760800957679749, 0.028509965166449547, 0.6040304899215698, -0.048852235078811646, 0.06541932374238968, -0.11027201265096664, -0.9539332985877991, 0.5018434524536133, -0.07036611437797546, -0.13983847200870514, 1.209568977355957]
0.37009962591045087;0.6390913724899292;[-0.933872640132904, 0.13994599878787994, 0.23768384754657745, -1.0392285585403442, -0.032503943890333176, -0.07391422241926193, 0.07646071165800095, 0.5861987471580505, 0.24982833862304688, 0.8219966888427734, 0.06552807986736298, -0.3219716250896454, -0.6342296600341797, -0.8784369230270386, 0.028756234794855118, 0.6045579314231873, -0.048621516674757004, 0.06476282328367233, -0.10818962752819061, -0.9502754211425781, 0.5025647878646851, -0.07290183752775192, -0.1372104287147522, 1.2104283571243286]
0.3697071443210762;0.6401253938674927;[-0.9336493611335754, 0.13639569282531738, 0.23634789884090424, -1.039968490600586, -0.03224823996424675, -0.07262799143791199, 0.07681432366371155, 0.5857200622558594, 0.2503698766231537, 0.8253428936004639, 0.06503114104270935, -0.32258009910583496, -0.6347736120223999, -0.8807741403579712, 0.028992822393774986, 0.60508131980896, -0.048297688364982605, 0.06407208740711212, -0.10611376166343689, -0.94666588306427, 0.5032670497894287, -0.07537883520126343, -0.13458037376403809, 1.2112821340560913]
0.3690483053597322;0.6405336856842041;[-0.9327446222305298, 0.1329621821641922, 0.23442775011062622, -1.0400960445404053, -0.03251407667994499, -0.072100929915905, 0.07653946429491043, 0.5846402049064636, 0.2502996027469635, 0.828245222568512, 0.06411553174257278, -0.32258209586143494, -0.6347041726112366, -0.8827866911888123, 0.029665915295481682, 0.6049900650978088, -0.048511803150177, 0.06367137283086777, -0.10438674688339233, -0.9425346255302429, 0.5034366250038147, -0.0771372988820076, -0.13237611949443817, 1.211523413658142]
0.3685833902431197;0.6414984464645386;[-0.9325801134109497, 0.12999315559864044, 0.23285263776779175, -1.0405611991882324, -0.031231146305799484, -0.07017719745635986, 0.07655434310436249, 0.5839092135429382, 0.2505684196949005, 0.8313747048377991, 0.06401227414608002, -0.32291099429130554, -0.6349757313728333, -0.8848033547401428, 0.02956199273467064, 0.6052455306053162, -0.04718795418739319, 0.0628671795129776, -0.10235422104597092, -0.9387344121932983, 0.5037253499031067, -0.07948673516511917, -0.12962885200977325, 1.2120996713638306]
0.36812369543724177;0.6424911022186279;[-0.9319801926612854, 0.1263769418001175, 0.23145796358585358, -1.0412039756774902, -0.03204070404171944, -0.06900490820407867, 0.07690737396478653, 0.583358883857727, 0.25101029872894287, 0.8345828652381897, 0.06354706734418869, -0.3234335482120514, -0.6354207992553711, -0.887357234954834, 0.0296627227216959, 0.6056699752807617, -0.04792829975485802, 0.062119532376527786, -0.10028968751430511, -0.9350859522819519, 0.5044976472854614, -0.0816030204296112, -0.12721166014671326, 1.2128546237945557]
0.36766493347878737;0.6435211896896362;[-0.9318206310272217, 0.12282940000295639, 0.23013156652450562, -1.0419001579284668, -0.031572774052619934, -0.0677434504032135, 0.07719596475362778, 0.5828680992126465, 0.2515137195587158, 0.837971568107605, 0.06304292380809784, -0.32400110363960266, -0.6359263062477112, -0.8897753953933716, 0.029855165630578995, 0.606155276298523, -0.04739922285079956, 0.061468105763196945, -0.0981721356511116, -0.9315410256385803, 0.5051355361938477, -0.08400533348321915, -0.12446235120296478, 1.213661789894104]
0.3672002031843213;0.644550085067749;[-0.9316530227661133, 0.11918821930885315, 0.22882592678070068, -1.0426102876663208, -0.031178638339042664, -0.06640724092721939, 0.0775069072842598, 0.5823951363563538, 0.25203096866607666, 0.8413881063461304, 0.06255832314491272, -0.32458338141441345, -0.6364457607269287, -0.8923048377037048, 0.03009883314371109, 0.606654167175293, -0.0469447560608387, 0.060792241245508194, -0.09607324749231339, -0.9280226826667786, 0.5058091282844543, -0.08638790249824524, -0.12186014652252197, 1.2144832611083984]
0.36674575002582116;0.6455683708190918;[-0.9314711093902588, 0.11556636542081833, 0.2275291383266449, -1.0433235168457031, -0.030855314806103706, -0.06511179357767105, 0.077836774289608, 0.5819286108016968, 0.25255098938941956, 0.8447221517562866, 0.06208635866641998, -0.3251703083515167, -0.6369684338569641, -0.8948297500610352, 0.03032919019460678, 0.6071557998657227, -0.04656156897544861, 0.06008955463767052, -0.09399405866861343, -0.9245314002037048, 0.5065063238143921, -0.08870957791805267, -0.11919356137514114, 1.2153074741363525]
0.36633453171255953;0.6465775966644287;[-0.9312432408332825, 0.11198515444993973, 0.22623690962791443, -1.0440380573272705, -0.030652854591608047, -0.06381379067897797, 0.07817553728818893, 0.5814658999443054, 0.25307169556617737, 0.8479871153831482, 0.061620451509952545, -0.3257591128349304, -0.6374911665916443, -0.8970950841903687, 0.030536053702235222, 0.6076571941375732, -0.04629698023200035, 0.059395402669906616, -0.09187149256467819, -0.9210547208786011, 0.5072222352027893, -0.09099757671356201, -0.11653317511081696, 1.2161333560943604]
0.3659253104175281;0.6472083330154419;[-0.9310373067855835, 0.10837112367153168, 0.22494900226593018, -1.0447509288787842, -0.03041141852736473, -0.06252952665090561, 0.07851489633321762, 0.58100426197052, 0.25359177589416504, 0.851248562335968, 0.06110728532075882, -0.3263465464115143, -0.6380137801170349, -0.8992995023727417, 0.030772386118769646, 0.6081584692001343, -0.045993607491254807, 0.05873018503189087, -0.08985495567321777, -0.9175909161567688, 0.5079274773597717, -0.09327080100774765, -0.11391086876392365, 1.2169567346572876]
0.3653780300691736;0.647998571395874;[-0.930482029914856, 0.10805913805961609, 0.22321978211402893, -1.0449753999710083, -0.02971714735031128, -0.06147624924778938, 0.07835298031568527, 0.5801064968109131, 0.25367406010627747, 0.8531810641288757, 0.06038009002804756, -0.3264632821083069, -0.638103187084198, -0.9007718563079834, 0.03123435564339161, 0.6081794500350952, -0.04524527117609978, 0.05854282155632973, -0.08870992809534073, -0.9137004613876343, 0.5080679059028625, -0.09563683718442917, -0.11249537020921707, 1.2173163890838623]
