0.0727514258790177;0.09009356796741486;[-0.7226416560383326, 0.362587972407062, -0.31088147507179476, 0.29151327925437065, -0.31820356533124095, -0.24135919199981126, -0.21318014927053652, 0.823893108630992, -0.5085836486562578, -0.5730516887599262, -0.8162860768623494, 0.5348571969098999, 0.1633806319822928, 0.4985938829397878, -0.7233860568491552, -0.15994092484081657, -0.37565302403565193, -0.8138361547370476, 0.1279569736278463, -0.790800180713195, 0.39989241861126357, 0.7231939810933787, -0.042422298725929286, 0.8319133304021655]
0.07287125744532416;0.09027494490146637;[-0.7227416634559631, 0.3624879717826843, -0.31078147888183594, 0.2914133071899414, -0.3181035816669464, -0.24125918745994568, -0.21328015625476837, 0.8239931464195251, -0.5086836814880371, -0.5729516744613647, -0.8161860704421997, 0.534957230091095, 0.16348063945770264, 0.49869388341903687, -0.7232860326766968, -0.1600409299135208, -0.37555304169654846, -0.8137361407279968, 0.12785696983337402, -0.7909001708030701, 0.3999924063682556, 0.7230939865112305, -0.042322296649217606, 0.8318133354187012]
0.08511829914088936;0.10498279333114624;[-0.7327920794487, 0.3525770902633667, -0.30042198300361633, 0.28151440620422363, -0.3091038167476654, -0.23101089894771576, -0.2230530083179474, 0.833583652973175, -0.517758846282959, -0.5631309747695923, -0.8061462044715881, 0.5447506308555603, 0.17245909571647644, 0.5039745569229126, -0.7133296132087708, -0.16987484693527222, -0.36650320887565613, -0.8033884167671204, 0.11760549992322922, -0.8006020784378052, 0.4101574420928955, 0.7126291394233704, -0.03205559030175209, 0.8218064308166504]
0.09964200308382742;0.12178681045770645;[-0.7457900643348694, 0.3432559669017792, -0.2889358401298523, 0.27102240920066833, -0.2993084788322449, -0.22030577063560486, -0.2330808788537979, 0.8431208729743958, -0.5200802683830261, -0.5530908107757568, -0.7953522205352783, 0.5553109645843506, 0.18101413547992706, 0.4923021197319031, -0.70331209897995, -0.1804656982421875, -0.35664689540863037, -0.7923222780227661, 0.10687167942523956, -0.8103960752487183, 0.42185676097869873, 0.6994990110397339, -0.021462393924593925, 0.8114321231842041]
0.11287408611644549;0.13637620210647583;[-0.7566399574279785, 0.33772963285446167, -0.2799595594406128, 0.26116418838500977, -0.2899262011051178, -0.21349136531352997, -0.24276092648506165, 0.852179229259491, -0.5325360894203186, -0.5446271896362305, -0.7830715179443359, 0.5647595524787903, 0.1815391331911087, 0.4976401925086975, -0.692168116569519, -0.19006001949310303, -0.3472098708152771, -0.7851815223693848, 0.10065937787294388, -0.8199446797370911, 0.4322485625743866, 0.693216860294342, -0.014990828931331635, 0.8012971878051758]
0.12539592492408957;0.14947070181369781;[-0.7667202949523926, 0.33161598443984985, -0.268976628780365, 0.2526642084121704, -0.2806503176689148, -0.20494785904884338, -0.2523614466190338, 0.8625742793083191, -0.544625461101532, -0.5389643907546997, -0.7708422541618347, 0.5740147829055786, 0.17995145916938782, 0.5098612308502197, -0.6817094683647156, -0.19938276708126068, -0.3379439413547516, -0.7758904099464417, 0.09275777637958527, -0.8286163806915283, 0.4420974552631378, 0.6859103441238403, -0.0066224453039467335, 0.7940584421157837]
0.13946989486000289;0.16744551062583923;[-0.7781688570976257, 0.323598712682724, -0.2567339837551117, 0.243710458278656, -0.2696664333343506, -0.1932845264673233, -0.2638823986053467, 0.8759794235229492, -0.5585751533508301, -0.5358058214187622, -0.7565712928771973, 0.5849500894546509, 0.17601600289344788, 0.5276740193367004, -0.6697892546653748, -0.21031910181045532, -0.32704970240592957, -0.763195812702179, 0.08171159774065018, -0.8382875919342041, 0.4534485638141632, 0.6768280267715454, 0.004996244329959154, 0.7884730696678162]
0.15435668758452184;0.18602389097213745;[-0.7896310091018677, 0.314755916595459, -0.24433115124702454, 0.23417235910892487, -0.2585129737854004, -0.1815718114376068, -0.2754143178462982, 0.8887451887130737, -0.5717679858207703, -0.5320781469345093, -0.7432878017425537, 0.5960567593574524, 0.17115972936153412, 0.5426523685455322, -0.6579388976097107, -0.22142988443374634, -0.3159599304199219, -0.7508020401000977, 0.07043842226266861, -0.8484235405921936, 0.4648559093475342, 0.667072057723999, 0.016691984608769417, 0.7821140885353088]
0.16957661452343004;0.20499156415462494;[-0.800940215587616, 0.30543944239616394, -0.23264984786510468, 0.22435946762561798, -0.2473587542772293, -0.1699148267507553, -0.2868751883506775, 0.9009572267532349, -0.5847795605659485, -0.5279002785682678, -0.7306168079376221, 0.6071179509162903, 0.1648966372013092, 0.5565546154975891, -0.646194338798523, -0.23249459266662598, -0.30485597252845764, -0.7386590838432312, 0.05910147354006767, -0.8587037920951843, 0.4761520028114319, 0.6571747064590454, 0.028359305113554, 0.7752017378807068]
0.18266961430524842;0.2209152728319168;[-0.8100805878639221, 0.2932146489620209, -0.22204388678073883, 0.21567563712596893, -0.23751485347747803, -0.15723910927772522, -0.2972317039966583, 0.9107405543327332, -0.5977961421012878, -0.5223056077957153, -0.7189701795578003, 0.6161781549453735, 0.1514565348625183, 0.5686485171318054, -0.6349729895591736, -0.24167899787425995, -0.29501378536224365, -0.7258556485176086, 0.04631317779421806, -0.86724454164505, 0.4858054220676422, 0.6470611095428467, 0.04144826903939247, 0.7678508758544922]
0.20168967548192682;0.24120135605335236;[-0.8207590579986572, 0.2692805826663971, -0.22330427169799805, 0.20557819306850433, -0.2257377952337265, -0.14713864028453827, -0.310057669878006, 0.9211668372154236, -0.6087449789047241, -0.5075733661651611, -0.7072395086288452, 0.626839816570282, 0.14346183836460114, 0.5752450227737427, -0.6227460503578186, -0.25233539938926697, -0.28335246443748474, -0.7081210017204285, 0.04229758679866791, -0.8763642311096191, 0.49712082743644714, 0.6322764158248901, 0.04952990263700485, 0.758883535861969]
0.22004409843851372;0.2573564350605011;[-0.8308997750282288, 0.25494956970214844, -0.2103235423564911, 0.1959916353225708, -0.2154320478439331, -0.14141100645065308, -0.32034435868263245, 0.9319629073143005, -0.6178106665611267, -0.4966730773448944, -0.6970741748809814, 0.6372166872024536, 0.13954970240592957, 0.5820835828781128, -0.612299919128418, -0.2627153992652893, -0.2730562686920166, -0.6960631608963013, 0.043232135474681854, -0.8860483765602112, 0.507429838180542, 0.6191322207450867, 0.05289905145764351, 0.7510920763015747]
0.23768358876215182;0.27288132905960083;[-0.8403245210647583, 0.24324801564216614, -0.19664707779884338, 0.18685199320316315, -0.20571698248386383, -0.1362665742635727, -0.33051663637161255, 0.9416666626930237, -0.6319944858551025, -0.48762035369873047, -0.6869044899940491, 0.6469010710716248, 0.1408403217792511, 0.5907336473464966, -0.6019147634506226, -0.2723461389541626, -0.2633046507835388, -0.685249924659729, 0.04480898007750511, -0.8951192498207092, 0.5169985294342041, 0.608341634273529, 0.05586322769522667, 0.7432563900947571]
0.2588771398587848;0.29934239387512207;[-0.852055013179779, 0.23251013457775116, -0.18623073399066925, 0.17590442299842834, -0.1941581666469574, -0.13087300956249237, -0.3433563709259033, 0.9524996280670166, -0.6521587371826172, -0.47935542464256287, -0.6744128465652466, 0.6584282517433167, 0.15336143970489502, 0.6033229231834412, -0.5895755887031555, -0.2836551070213318, -0.2517058253288269, -0.6737229824066162, 0.04736185073852539, -0.9056668281555176, 0.5284596085548401, 0.5988590717315674, 0.05875927209854126, 0.7336570620536804]
0.2770515348785199;0.31273412704467773;[-0.8602265119552612, 0.22099196910858154, -0.17196258902549744, 0.16815446317195892, -0.18569298088550568, -0.12632307410240173, -0.3510916531085968, 0.9564294815063477, -0.657148540019989, -0.4669274091720581, -0.6618226170539856, 0.6648607850074768, 0.1591719388961792, 0.6059931516647339, -0.5810545682907104, -0.2906438708305359, -0.24291785061359406, -0.660770058631897, 0.043712861835956573, -0.9105503559112549, 0.5370383858680725, 0.5819283127784729, 0.05716847628355026, 0.7236742377281189]
0.29263015305620815;0.32302403450012207;[-0.8656852841377258, 0.20937727391719818, -0.15118086338043213, 0.16241322457790375, -0.17983120679855347, -0.12185107916593552, -0.3544914424419403, 0.9570232033729553, -0.6580561995506287, -0.45422717928886414, -0.6510710120201111, 0.6685930490493774, 0.16085322201251984, 0.6024402379989624, -0.574402928352356, -0.29532095789909363, -0.23635588586330414, -0.648107647895813, 0.03921933099627495, -0.9126474857330322, 0.5432239770889282, 0.5627681016921997, 0.055235374718904495, 0.7145814299583435]
0.30157132117565344;0.3283374607563019;[-0.8678759932518005, 0.20049765706062317, -0.13758893311023712, 0.1597898304462433, -0.17738808691501617, -0.1184939444065094, -0.3547411859035492, 0.9548879861831665, -0.6582701206207275, -0.4449669420719147, -0.644356906414032, 0.6692948937416077, 0.1607341170310974, 0.5975837707519531, -0.5704351663589478, -0.2968699336051941, -0.2331879884004593, -0.6388417482376099, 0.035292647778987885, -0.9119715094566345, 0.5461874604225159, 0.5492827892303467, 0.05367022380232811, 0.7085575461387634]
0.3050062630317939;0.3293410539627075;[-0.8687814474105835, 0.19643600285053253, -0.1320275515317917, 0.1591179519891739, -0.1768762767314911, -0.11672515422105789, -0.35432055592536926, 0.9535472393035889, -0.6585738062858582, -0.44136324524879456, -0.6421708464622498, 0.6694443821907043, 0.16147993505001068, 0.5944802761077881, -0.5692647099494934, -0.29730740189552307, -0.23231050372123718, -0.6346479058265686, 0.03338185325264931, -0.9113770127296448, 0.547296404838562, 0.5423843264579773, 0.053157951682806015, 0.7067874073982239]
0.30790163490297057;0.33003783226013184;[-0.8695699572563171, 0.1926736831665039, -0.12781962752342224, 0.1586211919784546, -0.17652468383312225, -0.11525438725948334, -0.3539767563343048, 0.9523624181747437, -0.6587898135185242, -0.4382297396659851, -0.6403659582138062, 0.6694930791854858, 0.16197238862514496, 0.5917757153511047, -0.568287193775177, -0.29758918285369873, -0.23165582120418549, -0.6309186220169067, 0.03239934518933296, -0.9107941389083862, 0.5482127666473389, 0.536378026008606, 0.05280997231602669, 0.7052639126777649]
0.31351694737688995;0.33272626996040344;[-0.8710445761680603, 0.18552406132221222, -0.12017446011304855, 0.15770670771598816, -0.17589566111564636, -0.11258464306592941, -0.3532775044441223, 0.9501305222511292, -0.659063458442688, -0.43203064799308777, -0.636920154094696, 0.669550895690918, 0.16291071474552155, 0.5868480205535889, -0.5664978623390198, -0.29809170961380005, -0.23045088350772858, -0.6235226392745972, 0.029356909915804863, -0.9096733331680298, 0.5499244332313538, 0.5250700116157532, 0.051204949617385864, 0.7023025155067444]
0.3192000757410335;0.3356165289878845;[-0.8725491762161255, 0.17796717584133148, -0.11239222437143326, 0.15679559111595154, -0.1752939075231552, -0.10935117304325104, -0.3525533080101013, 0.9477537870407104, -0.6599528193473816, -0.4256319999694824, -0.6333125829696655, 0.6695429682731628, 0.16342869400978088, 0.5822190642356873, -0.5642189979553223, -0.29854556918144226, -0.22923068702220917, -0.6155332326889038, 0.02614617720246315, -0.9084327220916748, 0.5516775250434875, 0.5137960910797119, 0.04984674230217934, 0.6991351842880249]
0.32476436138899684;0.338342547416687;[-0.8739806413650513, 0.1705559939146042, -0.10514412075281143, 0.1559380739927292, -0.17473891377449036, -0.1060943529009819, -0.3518159091472626, 0.9454768300056458, -0.6604676842689514, -0.419319748878479, -0.6298550367355347, 0.669521152973175, 0.16411900520324707, 0.5776575803756714, -0.5622230768203735, -0.29897046089172363, -0.22808343172073364, -0.6077148914337158, 0.022905824705958366, -0.9072346091270447, 0.553345263004303, 0.5031169652938843, 0.0485711544752121, 0.6960629224777222]
0.3302709035592784;0.34080496430397034;[-0.8751779198646545, 0.16312220692634583, -0.0983586385846138, 0.1551123857498169, -0.17427697777748108, -0.10313601791858673, -0.35109013319015503, 0.9434614777565002, -0.6607298851013184, -0.4130731523036957, -0.6265048384666443, 0.6694691777229309, 0.16473284363746643, 0.5734261870384216, -0.5602872371673584, -0.2993659973144531, -0.2270592451095581, -0.6000902056694031, 0.02014104835689068, -0.9062321186065674, 0.5548577904701233, 0.49311843514442444, 0.04710477590560913, 0.6930007338523865]
0.33549660466769327;0.3432062864303589;[-0.8761284351348877, 0.15604767203330994, -0.0919175073504448, 0.15432873368263245, -0.1739228218793869, -0.10006774961948395, -0.3503701984882355, 0.9416834712028503, -0.6610060334205627, -0.4070872962474823, -0.6232315897941589, 0.6693581342697144, 0.16509824991226196, 0.56979900598526, -0.5582723617553711, -0.29970619082450867, -0.22616466879844666, -0.5926697254180908, 0.01697341725230217, -0.9054023623466492, 0.5562084913253784, 0.4839189052581787, 0.045638348907232285, 0.6899434328079224]
0.34116605142271816;0.3456090986728668;[-0.8768847584724426, 0.14845974743366241, -0.08546294271945953, 0.15325875580310822, -0.17335298657417297, -0.0967433825135231, -0.3496858477592468, 0.9401159286499023, -0.661397397518158, -0.40034571290016174, -0.6202273964881897, 0.6696358323097229, 0.16540509462356567, 0.5662015080451965, -0.5560774207115173, -0.3004155457019806, -0.22504562139511108, -0.5850986838340759, 0.013887716457247734, -0.9047971963882446, 0.5574558973312378, 0.4747963845729828, 0.04437081515789032, 0.686847448348999]
0.34697079086725796;0.3479917645454407;[-0.8775294423103333, 0.14079299569129944, -0.07910318672657013, 0.1521921306848526, -0.1728055626153946, -0.09355837851762772, -0.3488869369029999, 0.9385294914245605, -0.6612738966941833, -0.39325404167175293, -0.6173795461654663, 0.669938862323761, 0.16598211228847504, 0.5622973442077637, -0.5542801022529602, -0.3011554181575775, -0.22395096719264984, -0.5775511264801025, 0.010556829161942005, -0.9041789770126343, 0.5586066842079163, 0.465672105550766, 0.04281013458967209, 0.6838250160217285]
0.35256767388452964;0.3504090905189514;[-0.8781889081001282, 0.13318218290805817, -0.07294584065675735, 0.15102523565292358, -0.17223596572875977, -0.09022383391857147, -0.3482067286968231, 0.9369924068450928, -0.6618193984031677, -0.3863180875778198, -0.6145479083061218, 0.6700607538223267, 0.16613860428333282, 0.5588172078132629, -0.5520185828208923, -0.30171164870262146, -0.22282695770263672, -0.5699905157089233, 0.007359593641012907, -0.9035854339599609, 0.559768557548523, 0.4570585787296295, 0.04147543013095856, 0.6810954213142395]
0.3579639516350942;0.3527495265007019;[-0.8786569833755493, 0.1255917251110077, -0.0667576938867569, 0.15014074742794037, -0.17184880375862122, -0.0870133563876152, -0.3472643792629242, 0.9352800846099854, -0.6618331670761108, -0.37931960821151733, -0.6119375228881836, 0.6703007221221924, 0.16647763550281525, 0.5552042126655579, -0.5502044558525085, -0.3023446798324585, -0.22189024090766907, -0.5625504851341248, 0.004223210737109184, -0.902815043926239, 0.5607362389564514, 0.44826680421829224, 0.04009586200118065, 0.6785023808479309]
0.3633321179357814;0.35503774881362915;[-0.8791952729225159, 0.11812157928943634, -0.06076817587018013, 0.14918702840805054, -0.17138971388339996, -0.08377179503440857, -0.34641754627227783, 0.9336617588996887, -0.6620677709579468, -0.37232619524002075, -0.6092742085456848, 0.6706371307373047, 0.1667288988828659, 0.5521193146705627, -0.5482053756713867, -0.30303508043289185, -0.2208814024925232, -0.5550699234008789, 0.0008168239728547633, -0.9021208882331848, 0.5617701411247253, 0.43984144926071167, 0.03856801614165306, 0.6761336326599121]
0.3686780922823962;0.35728228092193604;[-0.8797152042388916, 0.11050914973020554, -0.054869379848241806, 0.14821521937847137, -0.1709475815296173, -0.08052566647529602, -0.34554818272590637, 0.9320394396781921, -0.662153422832489, -0.3651631474494934, -0.6066584587097168, 0.6709306836128235, 0.16705988347530365, 0.5490748882293701, -0.5463347434997559, -0.30366092920303345, -0.2198905348777771, -0.5475784540176392, -0.0021923480089753866, -0.9014167189598083, 0.5627829432487488, 0.43147116899490356, 0.03717701509594917, 0.6740288734436035]
0.37371569306553726;0.3592127859592438;[-0.8802182674407959, 0.10327017307281494, -0.04951596260070801, 0.14723515510559082, -0.17051121592521667, -0.07731116563081741, -0.3448123037815094, 0.9304694533348083, -0.6623639464378357, -0.3582313358783722, -0.6041251420974731, 0.6711978912353516, 0.16729839146137238, 0.5464326739311218, -0.5444465279579163, -0.30422496795654297, -0.21893762052059174, -0.5403945446014404, -0.005307470448315144, -0.9007315635681152, 0.5637666583061218, 0.42384085059165955, 0.03587206080555916, 0.6721086502075195]
0.376192264382339;0.35955750942230225;[-0.8802908062934875, 0.09886471182107925, -0.04881878197193146, 0.1466301828622818, -0.1704087257385254, -0.07553543895483017, -0.34504061937332153, 0.9290027618408203, -0.662303626537323, -0.3533211350440979, -0.6025756001472473, 0.6710050702095032, 0.16738277673721313, 0.5451716780662537, -0.5434936881065369, -0.3041512966156006, -0.21867471933364868, -0.5365464687347412, -0.007179622538387775, -0.8999350666999817, 0.5642210841178894, 0.42162826657295227, 0.03514549508690834, 0.6709437966346741]
0.37823067206338234;0.35989123582839966;[-0.8803486824035645, 0.0967869684100151, -0.04823915660381317, 0.14597506821155548, -0.1702803671360016, -0.07413725554943085, -0.3453640639781952, 0.9275184273719788, -0.662300705909729, -0.3495498597621918, -0.6010237336158752, 0.6708140969276428, 0.16747340559959412, 0.5439831614494324, -0.5424453020095825, -0.30408814549446106, -0.21839290857315063, -0.5321925282478333, -0.008046019822359085, -0.8991417288780212, 0.5647041201591492, 0.41934576630592346, 0.03444727882742882, 0.6697132587432861]
0.3799922429842919;0.3601878881454468;[-0.8803638815879822, 0.09620746970176697, -0.04762158542871475, 0.14529640972614288, -0.17016728222370148, -0.07299578934907913, -0.3456939160823822, 0.9259607195854187, -0.6622652411460876, -0.34643903374671936, -0.5994753241539001, 0.6705784797668457, 0.16758987307548523, 0.5427184104919434, -0.5413826704025269, -0.30399152636528015, -0.21812310814857483, -0.5274043679237366, -0.008116863667964935, -0.8983029127120972, 0.5651810169219971, 0.41683945059776306, 0.03376518934965134, 0.6684718728065491]
0.38181890556559894;0.3604770004749298;[-0.880383312702179, 0.09557122737169266, -0.04699349403381348, 0.14458459615707397, -0.17004680633544922, -0.07179006189107895, -0.3460436761379242, 0.9243515729904175, -0.6622982621192932, -0.343201607465744, -0.5978588461875916, 0.6703391671180725, 0.16766634583473206, 0.5414687991142273, -0.5402282476425171, -0.3038937449455261, -0.21783870458602905, -0.522447407245636, -0.008301733992993832, -0.8974344730377197, 0.5656792521476746, 0.4143092632293701, 0.03301190212368965, 0.6671939492225647]
0.3837505311226076;0.36079782247543335;[-0.8804116249084473, 0.0949273332953453, -0.04636244848370552, 0.14383500814437866, -0.1699143648147583, -0.07047388702630997, -0.3463990390300751, 0.9226936101913452, -0.6621851325035095, -0.3398101329803467, -0.5961732268333435, 0.6701053380966187, 0.16784772276878357, 0.5401144623756409, -0.5391328930854797, -0.30380696058273315, -0.21753749251365662, -0.5172995924949646, -0.00848460104316473, -0.8965445756912231, 0.5662052035331726, 0.4116537272930145, 0.03228328004479408, 0.6658751964569092]
0.3856855552625076;0.3611295819282532;[-0.8803876638412476, 0.09425072371959686, -0.04564594477415085, 0.14308838546276093, -0.16982966661453247, -0.06919379532337189, -0.34670567512512207, 0.920925498008728, -0.6620438098907471, -0.3362710773944855, -0.5944777131080627, 0.6697991490364075, 0.1680103838443756, 0.5386480093002319, -0.5380459427833557, -0.3036530911922455, -0.21727509796619415, -0.5119699239730835, -0.008531815372407436, -0.8955698609352112, 0.5666980147361755, 0.4088541865348816, 0.03148369863629341, 0.6645949482917786]
0.3877315180674444;0.36149322986602783;[-0.8804229497909546, 0.0936075896024704, -0.04499855637550354, 0.14226660132408142, -0.16968145966529846, -0.0677839145064354, -0.34710392355918884, 0.9191673994064331, -0.6620532274246216, -0.3326830565929413, -0.5926614999771118, 0.6695586442947388, 0.16812415421009064, 0.5373138785362244, -0.536772608757019, -0.30356547236442566, -0.2169439047574997, -0.5064472556114197, -0.008709056302905083, -0.8946230411529541, 0.567267119884491, 0.40613406896591187, 0.030658036470413208, 0.6632074117660522]
0.3898382511183388;0.3618374466896057;[-0.8804325461387634, 0.09285516291856766, -0.04430244117975235, 0.14142921566963196, -0.1695556640625, -0.06636625528335571, -0.3474787771701813, 0.917327344417572, -0.6620252132415771, -0.3289058804512024, -0.5908076763153076, 0.6692796945571899, 0.1682446300983429, 0.5359033346176147, -0.5355042219161987, -0.30344364047050476, -0.2166273146867752, -0.500755250453949, -0.008841440081596375, -0.8936179876327515, 0.5678291320800781, 0.4033183157444, 0.029755419120192528, 0.661827027797699]
0.3919320639997633;0.3621760904788971;[-0.8803994059562683, 0.09216875582933426, -0.04353860765695572, 0.14058734476566315, -0.16946889460086823, -0.06480983644723892, -0.3478028178215027, 0.9153892397880554, -0.6618572473526001, -0.32502326369285583, -0.5889323949813843, 0.6689435839653015, 0.16842712461948395, 0.5343502759933472, -0.5343270897865295, -0.3032703101634979, -0.21634232997894287, -0.4948870539665222, -0.009001139551401138, -0.8925402164459229, 0.5683670043945312, 0.40034061670303345, 0.028905782848596573, 0.6604745984077454]
0.3942345298433489;0.3625867962837219;[-0.8804450035095215, 0.0913577675819397, -0.04286631941795349, 0.13965418934822083, -0.16930006444454193, -0.06328132748603821, -0.34823858737945557, 0.9134829640388489, -0.6618456244468689, -0.3210083842277527, -0.5869238376617432, 0.6686961650848389, 0.16857028007507324, 0.532943844795227, -0.5329475998878479, -0.3031850755214691, -0.21597062051296234, -0.4888252913951874, -0.009082869626581669, -0.8915099501609802, 0.5689996480941772, 0.3974672555923462, 0.0279125664383173, 0.6589990258216858]
0.3965391341833064;0.36295247077941895;[-0.8804558515548706, 0.09060422331094742, -0.04213859885931015, 0.13870935142040253, -0.16916170716285706, -0.061651986092329025, -0.34863877296447754, 0.9114898443222046, -0.6617628335952759, -0.31688064336776733, -0.5848860144615173, 0.6684007048606873, 0.16873633861541748, 0.5314378142356873, -0.5316009521484375, -0.3030570149421692, -0.21562200784683228, -0.48259344696998596, -0.009230178780853748, -0.8904157876968384, 0.5696163177490234, 0.39447107911109924, 0.026904920116066933, 0.6575428247451782]
0.3990602083533539;0.36336058378219604;[-0.8801410794258118, 0.08978033810853958, -0.04130440577864647, 0.1375661939382553, -0.16893483698368073, -0.0599978081882, -0.34897804260253906, 0.9094610214233398, -0.6617318987846375, -0.3119969666004181, -0.5830236077308655, 0.6681292653083801, 0.16891245543956757, 0.5298954248428345, -0.5302364230155945, -0.30295372009277344, -0.21517376601696014, -0.4764227867126465, -0.009437310509383678, -0.8893407583236694, 0.5700559616088867, 0.3914662301540375, 0.025933202356100082, 0.6558021903038025]
0.40154635777137715;0.3637276291847229;[-0.8798552751541138, 0.08893246948719025, -0.0404343418776989, 0.136448934674263, -0.16876119375228882, -0.05820925906300545, -0.34929466247558594, 0.907343327999115, -0.6616508960723877, -0.30711594223976135, -0.5810890197753906, 0.6678012609481812, 0.1690848469734192, 0.5282765030860901, -0.528882622718811, -0.30279743671417236, -0.21477191150188446, -0.470039963722229, -0.00964890792965889, -0.888188898563385, 0.570513904094696, 0.3883553743362427, 0.02496766857802868, 0.6541485786437988]
0.40416049622717665;0.3641475439071655;[-0.8795525431632996, 0.08816695213317871, -0.03974876552820206, 0.13522429764270782, -0.16850100457668304, -0.05654335021972656, -0.34971925616264343, 0.9052768349647522, -0.6616511940956116, -0.3021257817745209, -0.5791284441947937, 0.667548418045044, 0.16926661133766174, 0.5268018245697021, -0.527435302734375, -0.3027110695838928, -0.21429146826267242, -0.4636421501636505, -0.009716609492897987, -0.8870983123779297, 0.5709967017173767, 0.3854796290397644, 0.023890797048807144, 0.652366578578949]
0.4060441972682394;0.3644276261329651;[-0.8789515495300293, 0.08738631010055542, -0.03994525596499443, 0.13421054184436798, -0.16841357946395874, -0.05517852306365967, -0.35023975372314453, 0.903184175491333, -0.6615798473358154, -0.2972864806652069, -0.5776050090789795, 0.6670733690261841, 0.16935303807258606, 0.5255531668663025, -0.5263767838478088, -0.3023519217967987, -0.21408353745937347, -0.45845887064933777, -0.009877978824079037, -0.8858996629714966, 0.5711715817451477, 0.38383710384368896, 0.02301875688135624, 0.6509177088737488]
0.4079498617033538;0.3647060990333557;[-0.8782572150230408, 0.08665306866168976, -0.04012167081236839, 0.13315041363239288, -0.16833102703094482, -0.05372071638703346, -0.35073453187942505, 0.9010270237922668, -0.661431610584259, -0.292244553565979, -0.5761030316352844, 0.6665707230567932, 0.16948258876800537, 0.5242354273796082, -0.5253756046295166, -0.3019670844078064, -0.21387805044651031, -0.45315462350845337, -0.010045730508863926, -0.8846611380577087, 0.571296215057373, 0.38214102387428284, 0.022191103547811508, 0.6494322419166565]
0.40994672680866767;0.3650093674659729;[-0.8775883913040161, 0.08586762845516205, -0.040338024497032166, 0.13204042613506317, -0.16822263598442078, -0.05222729593515396, -0.3512798249721527, 0.8988528847694397, -0.6613534688949585, -0.2871183454990387, -0.5745217800140381, 0.6660898327827454, 0.1695859134197235, 0.5229625105857849, -0.5242750644683838, -0.3016044497489929, -0.2136436402797699, -0.4476592540740967, -0.010181182995438576, -0.8834193348884583, 0.5714611411094666, 0.3804699182510376, 0.021291783079504967, 0.6479060053825378]
0.41193578555079624;0.3653101921081543;[-0.8768855929374695, 0.08510027080774307, -0.04053355008363724, 0.13091161847114563, -0.16813330352306366, -0.05063632130622864, -0.35181450843811035, 0.8966144919395447, -0.6612794995307922, -0.28191128373146057, -0.5729150176048279, 0.6655773520469666, 0.16967178881168365, 0.5216624736785889, -0.5231595635414124, -0.3012118339538574, -0.21342453360557556, -0.44199585914611816, -0.01035865768790245, -0.8821287155151367, 0.5716110467910767, 0.3787575662136078, 0.02038075588643551, 0.6463868021965027]
0.4139960917105012;0.36559751629829407;[-0.876088559627533, 0.08426693081855774, -0.04069071263074875, 0.12973427772521973, -0.16804933547973633, -0.049069296568632126, -0.3523179292678833, 0.8943138122558594, -0.6611557602882385, -0.2764468193054199, -0.5713316202163696, 0.6650386452674866, 0.16978205740451813, 0.5202998518943787, -0.5220796465873718, -0.3007952868938446, -0.213206484913826, -0.4362110495567322, -0.010505725629627705, -0.8807985186576843, 0.5717093348503113, 0.37698864936828613, 0.019380776211619377, 0.6448329091072083]
0.4161994814808139;0.36592191457748413;[-0.8754017949104309, 0.0834197923541069, -0.040962450206279755, 0.1284702569246292, -0.16788460314273834, -0.04736081138253212, -0.35294410586357117, 0.8920631408691406, -0.6611663699150085, -0.2709977924823761, -0.5695961713790894, 0.6645872592926025, 0.16986849904060364, 0.519085705280304, -0.5208251476287842, -0.30046504735946655, -0.2129061371088028, -0.43020766973495483, -0.010681143030524254, -0.8795251250267029, 0.5719211101531982, 0.3753410875797272, 0.018357718363404274, 0.6431916356086731]
0.41835986762224037;0.36625248193740845;[-0.8746718168258667, 0.08251671493053436, -0.041165705770254135, 0.12724928557872772, -0.16779889166355133, -0.045566994696855545, -0.35349711775779724, 0.8897002339363098, -0.660999059677124, -0.265424907207489, -0.5678593516349792, 0.6640504598617554, 0.1700139194726944, 0.5177088379859924, -0.5197088718414307, -0.30005285143852234, -0.21268214285373688, -0.4240328371524811, -0.010842480696737766, -0.8781530261039734, 0.5720913410186768, 0.3735322058200836, 0.01731664501130581, 0.6416434645652771]
0.4204740810617891;0.3665659427642822;[-0.873896062374115, 0.08166013658046722, -0.04134606197476387, 0.1260048747062683, -0.16772927343845367, -0.043747566640377045, -0.3540540933609009, 0.8872833847999573, -0.6610198020935059, -0.2598310708999634, -0.5661126971244812, 0.6634829640388489, 0.17001959681510925, 0.5163851380348206, -0.5184460878372192, -0.2996096909046173, -0.21246887743473053, -0.41770288348197937, -0.010992830619215965, -0.876736581325531, 0.5722379684448242, 0.37174877524375916, 0.016210850328207016, 0.6400948762893677]
0.4228207244575251;0.36691537499427795;[-0.8731001019477844, 0.08077950775623322, -0.04157574474811554, 0.1246434673666954, -0.16758333146572113, -0.04186014086008072, -0.3546454608440399, 0.8848917484283447, -0.6608428359031677, -0.2539541721343994, -0.5643259882926941, 0.6629821062088013, 0.17021308839321136, 0.5150126218795776, -0.5172849297523499, -0.2992355525493622, -0.21217910945415497, -0.4112418293952942, -0.011158876121044159, -0.8753693103790283, 0.5724068880081177, 0.36993688344955444, 0.0150632094591856, 0.6384243369102478]
0.4250910070066218;0.3672499656677246;[-0.8722910284996033, 0.07985912263393402, -0.04175629839301109, 0.12332966178655624, -0.16750940680503845, -0.039833568036556244, -0.3551867604255676, 0.8824068307876587, -0.6605783104896545, -0.24805346131324768, -0.5625181794166565, 0.6624085307121277, 0.17041197419166565, 0.5135462284088135, -0.5161940455436707, -0.2987910211086273, -0.21195918321609497, -0.4046054482460022, -0.011355056427419186, -0.873915433883667, 0.5725547671318054, 0.36802220344543457, 0.013916552998125553, 0.6368472576141357]
0.4274578067313487;0.3676098585128784;[-0.8713918924331665, 0.07879539579153061, -0.041934724897146225, 0.12191453576087952, -0.16739030182361603, -0.03782578557729721, -0.3557630479335785, 0.8799169659614563, -0.660616934299469, -0.24187442660331726, -0.5607306957244873, 0.6618552207946777, 0.17043299973011017, 0.5122020840644836, -0.5148648023605347, -0.2983640432357788, -0.2116866260766983, -0.3979059159755707, -0.011490227654576302, -0.872471034526825, 0.5726653933525085, 0.3662186563014984, 0.012695739045739174, 0.6351696848869324]
0.4298894494262583;0.36797410249710083;[-0.8706095814704895, 0.07784397155046463, -0.04218610003590584, 0.12047645449638367, -0.16724617779254913, -0.03573520481586456, -0.35640645027160645, 0.877440869808197, -0.6606036424636841, -0.2358478605747223, -0.5588088631629944, 0.6613391041755676, 0.17051666975021362, 0.5108775496482849, -0.513510525226593, -0.29797598719596863, -0.21139003336429596, -0.390964150428772, -0.01158938743174076, -0.8710430264472961, 0.5728746056556702, 0.3644123673439026, 0.011393941938877106, 0.6334928870201111]
0.43222149481303507;0.3683357536792755;[-0.8697994351387024, 0.07691921293735504, -0.04238106682896614, 0.11908774077892303, -0.16717545688152313, -0.03340306505560875, -0.35698404908180237, 0.8748735189437866, -0.6604238152503967, -0.22980453073978424, -0.5568815469741821, 0.6607500910758972, 0.17065545916557312, 0.5094217658042908, -0.5122922658920288, -0.2975175976753235, -0.21116575598716736, -0.3838801980018616, -0.011870739981532097, -0.8695308566093445, 0.5730505585670471, 0.36247310042381287, 0.010155735537409782, 0.6319051384925842]
0.4347176077529428;0.368685245513916;[-0.868871808052063, 0.07589259743690491, -0.04255514591932297, 0.11760254204273224, -0.16706940531730652, -0.03132643550634384, -0.35755008459091187, 0.8722917437553406, -0.660256028175354, -0.22342972457408905, -0.555010974407196, 0.6601725816726685, 0.17080867290496826, 0.5079653859138489, -0.5110709071159363, -0.2970709800720215, -0.21090227365493774, -0.37673771381378174, -0.011884267441928387, -0.8680238127708435, 0.5731676816940308, 0.36054542660713196, 0.008704273030161858, 0.6302263736724854]
0.4372200720798068;0.3690560460090637;[-0.8679452538490295, 0.07492740452289581, -0.042754095047712326, 0.11605915427207947, -0.16693347692489624, -0.028971200808882713, -0.3581492602825165, 0.8697139620780945, -0.6601434350013733, -0.2170678675174713, -0.5530990362167358, 0.6596181988716125, 0.17094597220420837, 0.5065479874610901, -0.5097837448120117, -0.29664748907089233, -0.21060630679130554, -0.3694770038127899, -0.012027819640934467, -0.8665292263031006, 0.5733034014701843, 0.35864555835723877, 0.007373335305601358, 0.6285040378570557]
0.43968242383975614;0.369415283203125;[-0.8670151829719543, 0.07386928796768188, -0.04291548207402229, 0.11456312239170074, -0.16685844957828522, -0.02666936069726944, -0.358719140291214, 0.8670662641525269, -0.6600761413574219, -0.21067985892295837, -0.5511683225631714, 0.6590057611465454, 0.17100659012794495, 0.505095899105072, -0.508460283279419, -0.29616615176200867, -0.21036918461322784, -0.3620813190937042, -0.012174459174275398, -0.8649645447731018, 0.5734237432479858, 0.35669761896133423, 0.005849412176758051, 0.6268610954284668]
0.4423393202806161;0.3698200583457947;[-0.8662115931510925, 0.07275036722421646, -0.04318634048104286, 0.11298365890979767, -0.16669993102550507, -0.02409086562693119, -0.3593890964984894, 0.8644875288009644, -0.6599119901657104, -0.2042636275291443, -0.5490949749946594, 0.6584872007369995, 0.17119887471199036, 0.5036727786064148, -0.5071236491203308, -0.29577964544296265, -0.21004951000213623, -0.35451528429985046, -0.012250031344592571, -0.8634759187698364, 0.5736638307571411, 0.35477742552757263, 0.0044400654733181, 0.6251430511474609]
0.4448551482324533;0.3701838254928589;[-0.8651934862136841, 0.0717257559299469, -0.04332692176103592, 0.11140771955251694, -0.16661351919174194, -0.021636411547660828, -0.359948992729187, 0.8617992997169495, -0.6598444581031799, -0.1976812183856964, -0.5471774935722351, 0.6578668355941772, 0.17126339673995972, 0.502189576625824, -0.5057815313339233, -0.2952919602394104, -0.20979644358158112, -0.3469434976577759, -0.012348157353699207, -0.8618908524513245, 0.5737428069114685, 0.3527936041355133, 0.002894377801567316, 0.6234520077705383]
0.44747385832603226;0.37056851387023926;[-0.864287257194519, 0.0706527829170227, -0.04354690760374069, 0.1097886934876442, -0.16648004949092865, -0.019013958051800728, -0.3605954051017761, 0.8591518402099609, -0.659856915473938, -0.19113129377365112, -0.5451356172561646, 0.6573030352592468, 0.17131377756595612, 0.5007811784744263, -0.5043090581893921, -0.29485955834388733, -0.20949555933475494, -0.33921635150909424, -0.012442103587090969, -0.8603459596633911, 0.5739187002182007, 0.35086899995803833, 0.001336566754616797, 0.6217307448387146]
0.4501198854165726;0.3709297478199005;[-0.8632660508155823, 0.06954549252986908, -0.04371078312397003, 0.10814041644334793, -0.1663651168346405, -0.016439761966466904, -0.3611864745616913, 0.8564558029174805, -0.6598097681999207, -0.18433241546154022, -0.5431675910949707, 0.6567039489746094, 0.17138321697711945, 0.499306321144104, -0.5029078722000122, -0.2943936288356781, -0.20921069383621216, -0.33145877718925476, -0.01251845434308052, -0.858765184879303, 0.5740165710449219, 0.34888988733291626, -0.00030851614428684115, 0.6199972629547119]
0.452811520726101;0.3713679313659668;[-0.8623539805412292, 0.068439781665802, -0.04395223408937454, 0.10650060325860977, -0.1662418395280838, -0.013665735721588135, -0.36181584000587463, 0.8537747263908386, -0.659555971622467, -0.17764271795749664, -0.5410954356193542, 0.6561298966407776, 0.17160485684871674, 0.4977980852127075, -0.5016331076622009, -0.2939533591270447, -0.20892325043678284, -0.3235705494880676, -0.012642179615795612, -0.8571969270706177, 0.5741948485374451, 0.3469015955924988, -0.0019328024936839938, 0.6182910203933716]
0.45545776966417884;0.37172701954841614;[-0.8613108992576599, 0.0673866719007492, -0.04415932297706604, 0.10482068359851837, -0.16612063348293304, -0.011004435829818249, -0.3624129593372345, 0.8510736227035522, -0.6594287157058716, -0.17085964977741241, -0.5391325950622559, 0.6555340886116028, 0.17173407971858978, 0.49632275104522705, -0.5003102421760559, -0.2934889793395996, -0.20863671600818634, -0.3157532215118408, -0.012816638685762882, -0.8556153178215027, 0.5742826461791992, 0.3449513018131256, -0.003671138547360897, 0.6165578961372375]
0.45797612494260975;0.3721556067466736;[-0.8602811098098755, 0.0662420317530632, -0.04432443901896477, 0.10320556908845901, -0.16605445742607117, -0.008176910690963268, -0.3629743754863739, 0.848334014415741, -0.6593033671379089, -0.16420353949069977, -0.5371794104576111, 0.6548958420753479, 0.17182427644729614, 0.49482429027557373, -0.4990217983722687, -0.29298171401023865, -0.208405002951622, -0.3079013228416443, -0.012725846841931343, -0.8539875745773315, 0.5743595361709595, 0.3429371118545532, -0.005262632854282856, 0.6149130463600159]
0.46058864818966266;0.3725445866584778;[-0.8591666221618652, 0.06514894962310791, -0.044488243758678436, 0.1015004813671112, -0.16593654453754425, -0.005388752091675997, -0.3635357618331909, 0.8456262946128845, -0.6591996550559998, -0.15735363960266113, -0.535291314125061, 0.6542930603027344, 0.17193368077278137, 0.49335694313049316, -0.49773335456848145, -0.2925090193748474, -0.20812015235424042, -0.3001422584056854, -0.012877433560788631, -0.8524026274681091, 0.5743940472602844, 0.3409532606601715, -0.006997220683842897, 0.6131852269172668]
0.46300760710813765;0.3729053735733032;[-0.8582252860069275, 0.06402098387479782, -0.044650811702013016, 0.09997893869876862, -0.1659291833639145, -0.002529335208237171, -0.3640874922275543, 0.842863917350769, -0.6590715050697327, -0.15086022019386292, -0.5332985520362854, 0.6536225080490112, 0.17198631167411804, 0.49186140298843384, -0.4964710772037506, -0.2919687032699585, -0.20795060694217682, -0.29218217730522156, -0.01273848582059145, -0.8507363200187683, 0.5745075345039368, 0.3388918340206146, -0.008756830357015133, 0.611667275428772]
0.4656919302201762;0.3733168840408325;[-0.8571908473968506, 0.06290645152330399, -0.044860586524009705, 0.09825322777032852, -0.1657801866531372, 0.0004446419479791075, -0.36468857526779175, 0.8402019143104553, -0.6589452028274536, -0.1439582258462906, -0.5313583016395569, 0.6530644297599792, 0.17214010655879974, 0.49043652415275574, -0.49519291520118713, -0.2915402948856354, -0.20763646066188812, -0.2843431830406189, -0.012999773025512695, -0.8491929173469543, 0.5746016502380371, 0.3369210362434387, -0.010542144067585468, 0.6099425554275513]
0.4680109545275535;0.3736618161201477;[-0.856102705001831, 0.061740271747112274, -0.044981665909290314, 0.09664119780063629, -0.16573642194271088, 0.0004131615860387683, -0.36517664790153503, 0.8374489545822144, -0.6588109135627747, -0.13735786080360413, -0.5294324159622192, 0.6524074673652649, 0.17220576107501984, 0.48902708292007446, -0.4940052926540375, -0.29100778698921204, -0.20742718875408173, -0.27683550119400024, -0.013920255936682224, -0.8475486040115356, 0.5746161937713623, 0.3349849581718445, -0.01031969953328371, 0.6083464026451111]
0.47046748666057736;0.374045193195343;[-0.855295717716217, 0.0605585053563118, -0.04525129869580269, 0.09500307589769363, -0.16560906171798706, -0.0006468732608482242, -0.3657875955104828, 0.8348066210746765, -0.6585259437561035, -0.13108335435390472, -0.5272476673126221, 0.6518678665161133, 0.17244966328144073, 0.48770710825920105, -0.4928388297557831, -0.29059308767318726, -0.20713768899440765, -0.26923415064811707, -0.015286978334188461, -0.846005380153656, 0.5748443603515625, 0.33312320709228516, -0.009372932836413383, 0.6067296266555786]
0.47273584437566185;0.37441250681877136;[-0.8542629480361938, 0.05939428508281708, -0.045390497893095016, 0.09331261366605759, -0.16556552052497864, -0.0014981211861595511, -0.36630988121032715, 0.8320667743682861, -0.658541202545166, -0.12455055862665176, -0.525280773639679, 0.6511439681053162, 0.1724119484424591, 0.4863259494304657, -0.49154365062713623, -0.28999218344688416, -0.20692679286003113, -0.2616671919822693, -0.016265032812952995, -0.8443689942359924, 0.5748915672302246, 0.3312377333641052, -0.008818093687295914, 0.6052531599998474]
0.475003911721279;0.37480294704437256;[-0.8533685207366943, 0.058277588337659836, -0.04560263827443123, 0.09204716235399246, -0.16548298299312592, -0.0024588170927017927, -0.3668563663959503, 0.8293825387954712, -0.658444881439209, -0.11834802478551865, -0.5231912732124329, 0.6507908701896667, 0.1724863350391388, 0.48517096042633057, -0.4902191162109375, -0.2897613048553467, -0.2066849023103714, -0.25402969121932983, -0.01750301383435726, -0.8427783846855164, 0.575043261051178, 0.32937100529670715, -0.007938342168927193, 0.6033388376235962]
0.4771683928454839;0.37512412667274475;[-0.8523362278938293, 0.057046860456466675, -0.04571942985057831, 0.09081253409385681, -0.16547180712223053, -0.0034413218963891268, -0.36731040477752686, 0.8266187906265259, -0.6583447456359863, -0.11188030987977982, -0.5212314128875732, 0.6502684354782104, 0.17250153422355652, 0.48386701941490173, -0.4889753460884094, -0.2893652319908142, -0.20651258528232574, -0.2464832216501236, -0.018864264711737633, -0.8411145806312561, 0.5750752687454224, 0.3274399936199188, -0.0071291448548436165, 0.6015027165412903]
0.4795424372475785;0.37554046511650085;[-0.8514770269393921, 0.05598378926515579, -0.045972615480422974, 0.08947847038507462, -0.16534219682216644, -0.004336319863796234, -0.3678969442844391, 0.8239781856536865, -0.6581701636314392, -0.1055029109120369, -0.5191208720207214, 0.6498286724090576, 0.1726682037115097, 0.4826030433177948, -0.4877025783061981, -0.2890567481517792, -0.20622330904006958, -0.23876790702342987, -0.020083682611584663, -0.8395766019821167, 0.5752636790275574, 0.32556596398353577, -0.00630155298858881, 0.5995727777481079]
0.481871525325799;0.3759121298789978;[-0.8505235314369202, 0.054697658866643906, -0.04617105424404144, 0.0881328135728836, -0.16524235904216766, -0.0052875494584441185, -0.36844396591186523, 0.8212993741035461, -0.6581230163574219, -0.0988994911313057, -0.5170927047729492, 0.6492853164672852, 0.17271606624126434, 0.4812949001789093, -0.4863799214363098, -0.2886449992656708, -0.20596055686473846, -0.2311469316482544, -0.021368732675909996, -0.838003396987915, 0.5753755569458008, 0.32370439171791077, -0.005501588806509972, 0.5976870059967041]
0.484182980797961;0.37626540660858154;[-0.8496032357215881, 0.05358002707362175, -0.04638002812862396, 0.08680440485477448, -0.1651473045349121, -0.006220277398824692, -0.3689790666103363, 0.8186219930648804, -0.6578449010848999, -0.09238873422145844, -0.5150439739227295, 0.6487382650375366, 0.17292453348636627, 0.4798971712589264, -0.4852212369441986, -0.28823304176330566, -0.2057059407234192, -0.22344790399074554, -0.022670656442642212, -0.8364343643188477, 0.575508713722229, 0.3217542767524719, -0.004625710658729076, 0.5958212018013]
0.4863530736123365;0.3766508400440216;[-0.8485978245735168, 0.05240567401051521, -0.046532973647117615, 0.08552633225917816, -0.165091872215271, -0.007220663595944643, -0.36947906017303467, 0.8159030675888062, -0.657809853553772, -0.08585143089294434, -0.5130751729011536, 0.648162841796875, 0.17292964458465576, 0.47857192158699036, -0.4839201271533966, -0.2877899408340454, -0.20548857748508453, -0.2157922238111496, -0.023907411843538284, -0.8348202109336853, 0.575569748878479, 0.31985023617744446, -0.0038563881535083055, 0.5939524173736572]
0.4886412577976375;0.3770197629928589;[-0.8476709127426147, 0.05114680156111717, -0.04674401134252548, 0.08411931246519089, -0.1649879664182663, -0.008167590945959091, -0.3700443506240845, 0.8132357597351074, -0.6577710509300232, -0.07917532324790955, -0.5110375881195068, 0.6475428342819214, 0.1729772686958313, 0.47722190618515015, -0.48260149359703064, -0.28730329871177673, -0.20522132515907288, -0.20808541774749756, -0.025158995762467384, -0.8332584500312805, 0.5756984353065491, 0.31798413395881653, -0.0030793240293860435, 0.5921638607978821]
0.49086780026329413;0.3773980736732483;[-0.8467397093772888, 0.05001400038599968, -0.046941813081502914, 0.08285098522901535, -0.16490399837493896, -0.009075970388948917, -0.37057673931121826, 0.8105512857437134, -0.6576260924339294, -0.07258728891611099, -0.5090103149414062, 0.6469975709915161, 0.17308230698108673, 0.47585949301719666, -0.48133909702301025, -0.28689369559288025, -0.20497742295265198, -0.20033800601959229, -0.026528052985668182, -0.8316801190376282, 0.5758177638053894, 0.31604745984077454, -0.002279361942782998, 0.5902512073516846]
0.49310825208965864;0.37776637077331543;[-0.8457977175712585, 0.04872826486825943, -0.047121621668338776, 0.08171099424362183, -0.16484105587005615, -0.010006533935666084, -0.3710722029209137, 0.8078478574752808, -0.6573789715766907, -0.06595036387443542, -0.5069999098777771, 0.6465311646461487, 0.17323878407478333, 0.474486380815506, -0.4801415801048279, -0.28656357526779175, -0.20475715398788452, -0.1925918310880661, -0.027749259024858475, -0.8300828337669373, 0.5759216547012329, 0.31405213475227356, -0.001455308054573834, 0.5882171392440796]
0.4951719104826746;0.3781323730945587;[-0.8448735475540161, 0.04765861853957176, -0.04730597138404846, 0.0804440826177597, -0.16478390991687775, -0.011077956296503544, -0.37159958481788635, 0.8051456212997437, -0.6573214530944824, -0.05950172618031502, -0.5049722790718079, 0.6459264159202576, 0.17326560616493225, 0.4731379449367523, -0.4788341224193573, -0.28609365224838257, -0.20453907549381256, -0.184817835688591, -0.029167205095291138, -0.8284817337989807, 0.5760356187820435, 0.3121330142021179, -0.0005876782815903425, 0.5863909125328064]
0.49745462992075107;0.37851282954216003;[-0.8439189791679382, 0.04640019312500954, -0.04753180965781212, 0.07894560694694519, -0.16463780403137207, -0.012026111595332623, -0.3721843659877777, 0.8025093078613281, -0.6572852730751038, -0.052667710930109024, -0.5029610395431519, 0.6452797055244446, 0.1733412742614746, 0.4717639982700348, -0.47752049565315247, -0.2855817377567291, -0.20422852039337158, -0.17707204818725586, -0.030392853543162346, -0.8269596099853516, 0.5761566162109375, 0.31028228998184204, 0.00019968018750660121, 0.5845946669578552]
0.4995590522980712;0.3788703978061676;[-0.8428853154182434, 0.045185305178165436, -0.04768034815788269, 0.07769650220870972, -0.16456811130046844, -0.01297086477279663, -0.37266361713409424, 0.7997990846633911, -0.6571226716041565, -0.045913636684417725, -0.5010256767272949, 0.6447134017944336, 0.17344088852405548, 0.47036853432655334, -0.476316899061203, -0.28515124320983887, -0.2039983570575714, -0.16938965022563934, -0.031788259744644165, -0.8253617286682129, 0.5761986970901489, 0.3083227872848511, 0.0011039725504815578, 0.5826331377029419]
0.5015255922706686;0.37922537326812744;[-0.8420808911323547, 0.044793177396059036, -0.047910720109939575, 0.07649794220924377, -0.16448406875133514, -0.013489972800016403, -0.3731466829776764, 0.7971330285072327, -0.6568803787231445, -0.040121715515851974, -0.49875274300575256, 0.6441826820373535, 0.17359906435012817, 0.4692182242870331, -0.4751783609390259, -0.28475314378738403, -0.20375517010688782, -0.1626000553369522, -0.03223894536495209, -0.8237889409065247, 0.576386570930481, 0.30655011534690857, 0.0014818476047366858, 0.5807023048400879]
0.5029761378424361;0.3795207142829895;[-0.8413311243057251, 0.045716140419244766, -0.04812030494213104, 0.07530786097049713, -0.16441072523593903, -0.013560360297560692, -0.373494416475296, 0.7944590449333191, -0.656898021697998, -0.03556547313928604, -0.49611470103263855, 0.6436303853988647, 0.17352916300296783, 0.4686717092990875, -0.4740077257156372, -0.2843136787414551, -0.20351438224315643, -0.15802860260009766, -0.0317620225250721, -0.8221849203109741, 0.5765724778175354, 0.30532482266426086, 0.0014975323574617505, 0.5788057446479797]
0.5040424998494881;0.3797147572040558;[-0.8401371240615845, 0.046211764216423035, -0.048958130180835724, 0.0742265060544014, -0.16440507769584656, -0.013552163727581501, -0.3739008605480194, 0.79178786277771, -0.6570757627487183, -0.03093365579843521, -0.4941956698894501, 0.6434361338615417, 0.17390522360801697, 0.46838417649269104, -0.47343194484710693, -0.28419479727745056, -0.20357657968997955, -0.15576064586639404, -0.0315496101975441, -0.8207228779792786, 0.5764806866645813, 0.30516549944877625, 0.0014085080474615097, 0.5773372650146484]
0.5047808923473183;0.3799762725830078;[-0.8388403654098511, 0.04645512253046036, -0.04981095343828201, 0.07333425432443619, -0.16457273066043854, -0.013379035517573357, -0.3742097020149231, 0.7889824509620667, -0.6572223901748657, -0.02631555125117302, -0.49247199296951294, 0.6431769132614136, 0.1742829829454422, 0.4680022597312927, -0.473069429397583, -0.28400367498397827, -0.20385929942131042, -0.15380994975566864, -0.03128504380583763, -0.8191401362419128, 0.576270580291748, 0.30504724383354187, 0.0013647994492202997, 0.5761662125587463]
0.5057927887293835;0.38024431467056274;[-0.8377238512039185, 0.04678455740213394, -0.050839878618717194, 0.07228218764066696, -0.16456559300422668, -0.013597393408417702, -0.37470847368240356, 0.7863456010818481, -0.6575772166252136, -0.021738698706030846, -0.4905720353126526, 0.6431116461753845, 0.1746588498353958, 0.4678991734981537, -0.4724450707435608, -0.2840031683444977, -0.2039659023284912, -0.15170671045780182, -0.031129786744713783, -0.8177233934402466, 0.5762376189231873, 0.30518290400505066, 0.0013025810476392508, 0.5748133659362793]
0.506690894806099;0.3804827928543091;[-0.8365210890769958, 0.0470573827624321, -0.051781732589006424, 0.07128667831420898, -0.16464628279209137, -0.013674485497176647, -0.37511107325553894, 0.7836207151412964, -0.6577954292297363, -0.01696956530213356, -0.48876887559890747, 0.6429522633552551, 0.17505817115306854, 0.46764665842056274, -0.47197872400283813, -0.28390994668006897, -0.20416150987148285, -0.14955203235149384, -0.030853046104311943, -0.8162197470664978, 0.5761162042617798, 0.3051784336566925, 0.0013452672865241766, 0.5735685229301453]
0.5076504744645548;0.38070768117904663;[-0.8353487849235535, 0.0474061481654644, -0.05275098234415054, 0.07025355845689774, -0.16470013558864594, -0.013656082563102245, -0.3755326569080353, 0.7809198498725891, -0.6579416394233704, -0.0121122682467103, -0.4869397282600403, 0.6428248286247253, 0.17552407085895538, 0.46739497780799866, -0.47155407071113586, -0.28384843468666077, -0.2043312042951584, -0.14732086658477783, -0.030647404491901398, -0.8147420883178711, 0.5760226249694824, 0.30517473816871643, 0.0014022232498973608, 0.5723050832748413]
0.5085057353873946;0.3809651732444763;[-0.8341594934463501, 0.04788430780172348, -0.05370441451668739, 0.06921985745429993, -0.16477009654045105, -0.013611244037747383, -0.3759605884552002, 0.7782047390937805, -0.6583277583122253, -0.007303503341972828, -0.48512858152389526, 0.6426762938499451, 0.1758158802986145, 0.4672442376613617, -0.4709611237049103, -0.28376302123069763, -0.20451445877552032, -0.14504045248031616, -0.03038349375128746, -0.81324303150177, 0.575910747051239, 0.30525100231170654, 0.0012368574971333146, 0.571066677570343]
0.5094757154979207;0.3811861276626587;[-0.8329781293869019, 0.04823035001754761, -0.05466252937912941, 0.0681697353720665, -0.1648360937833786, -0.013647169806063175, -0.3763740360736847, 0.7754898071289062, -0.6585042476654053, -0.0022472813725471497, -0.48332148790359497, 0.6425371766090393, 0.17625592648983002, 0.46699994802474976, -0.4705262780189514, -0.28368857502937317, -0.20469629764556885, -0.1426318734884262, -0.030238643288612366, -0.811749279499054, 0.5758046507835388, 0.30525070428848267, 0.001163954148069024, 0.5698328018188477]
0.5102954971116537;0.3813989460468292;[-0.831743061542511, 0.0486530177295208, -0.0555679015815258, 0.06715384870767593, -0.1649552285671234, -0.013514327816665173, -0.37674927711486816, 0.7727242708206177, -0.658809244632721, 0.0028166298288851976, -0.48157012462615967, 0.6423404216766357, 0.17656506597995758, 0.46676501631736755, -0.4700259566307068, -0.28355464339256287, -0.2049296647310257, -0.14020203053951263, -0.029728706926107407, -0.8101999163627625, 0.5756440162658691, 0.3052418529987335, 0.0010702545987442136, 0.5686608552932739]
0.5112072342382864;0.3816583752632141;[-0.8305975198745728, 0.04922382906079292, -0.056560177356004715, 0.06604976207017899, -0.164987713098526, -0.01352918054908514, -0.3772137463092804, 0.7700408697128296, -0.659160315990448, 0.007876082323491573, -0.47973063588142395, 0.642235279083252, 0.17690108716487885, 0.46663978695869446, -0.4694381356239319, -0.2835114598274231, -0.2050761729478836, -0.1376403570175171, -0.029683740809559822, -0.8087345957756042, 0.5755707621574402, 0.3053460419178009, 0.0010701464489102364, 0.5674035549163818]
0.5121552531749207;0.38190680742263794;[-0.8294235467910767, 0.049699924886226654, -0.05752277746796608, 0.06496156007051468, -0.16505029797554016, -0.013580539263784885, -0.37763988971710205, 0.7673267126083374, -0.6594072580337524, 0.013133572414517403, -0.47792717814445496, 0.6421008706092834, 0.17728593945503235, 0.4664367139339447, -0.468948096036911, -0.2834396958351135, -0.20525415241718292, -0.13500520586967468, -0.02936149574816227, -0.8072398900985718, 0.5754680037498474, 0.3053757846355438, 0.0010459177428856492, 0.566183865070343]
0.5131043254419095;0.38214126229286194;[-0.8282354474067688, 0.050157271325588226, -0.05847088247537613, 0.06387671083211899, -0.1651279777288437, -0.013683768920600414, -0.3780505955219269, 0.7645968198776245, -0.6596400737762451, 0.01850193180143833, -0.4761428236961365, 0.6419516801834106, 0.17767122387886047, 0.4662151038646698, -0.4684770405292511, -0.28335294127464294, -0.20544737577438354, -0.13228894770145416, -0.028979722410440445, -0.8057292699813843, 0.575350284576416, 0.3053867220878601, 0.0009854072704911232, 0.5649849772453308]
0.5140444037275832;0.382331907749176;[-0.8270252346992493, 0.05081362649798393, -0.05938851088285446, 0.06277848780155182, -0.1651841551065445, -0.01348317414522171, -0.3784646987915039, 0.7622442245483398, -0.6597775220870972, 0.023687269538640976, -0.4746984839439392, 0.6417921185493469, 0.1780838817358017, 0.46598172187805176, -0.46807920932769775, -0.283252090215683, -0.20561936497688293, -0.12954191863536835, -0.028873654082417488, -0.8045845031738281, 0.5751933455467224, 0.30545011162757874, 0.000902885920368135, 0.5637860298156738]
0.5144733626224745;0.3824331760406494;[-0.8254475593566895, 0.05179523676633835, -0.05990965664386749, 0.0618833526968956, -0.16538763046264648, -0.013631893321871758, -0.3787026107311249, 0.7614666223526001, -0.6599365472793579, 0.027615811675786972, -0.475139319896698, 0.6413165926933289, 0.17812879383563995, 0.46566739678382874, -0.467796266078949, -0.2828104496002197, -0.20593424141407013, -0.12703177332878113, -0.02856026031076908, -0.8049357533454895, 0.5745943188667297, 0.3057132065296173, 0.0009752300684340298, 0.562828540802002]
0.5150470889379698;0.38249415159225464;[-0.8239471316337585, 0.05284595116972923, -0.060498543083667755, 0.06087908521294594, -0.16552163660526276, -0.013540472835302353, -0.37900909781455994, 0.7607603073120117, -0.6600749492645264, 0.03162666782736778, -0.4755087196826935, 0.640871524810791, 0.17824111878871918, 0.46537816524505615, -0.46749740839004517, -0.2823997735977173, -0.2061787247657776, -0.1244167760014534, -0.02823757566511631, -0.8053498864173889, 0.5740669369697571, 0.30602139234542847, 0.0009522722102701664, 0.5618523359298706]
0.5154154007141314;0.3825540244579315;[-0.8223019242286682, 0.05383790284395218, -0.06093331426382065, 0.06034480407834053, -0.16578884422779083, -0.013425838202238083, -0.3791283369064331, 0.7600475549697876, -0.659995436668396, 0.035614315420389175, -0.4761354923248291, 0.6405432820320129, 0.1783866137266159, 0.4650518000125885, -0.46740439534187317, -0.2821037471294403, -0.20656262338161469, -0.12184161692857742, -0.028121329843997955, -0.8057421445846558, 0.5733858346939087, 0.30615952610969543, 0.0008019910310395062, 0.5606497526168823]
0.5159717259158814;0.38265013694763184;[-0.8207978010177612, 0.05481922626495361, -0.06150463595986366, 0.0596136711537838, -0.16593195497989655, -0.013656117022037506, -0.3794059455394745, 0.7593689560890198, -0.6601570844650269, 0.039681218564510345, -0.4765470027923584, 0.6402505040168762, 0.17846930027008057, 0.46487656235694885, -0.46706151962280273, -0.2818438410758972, -0.20681814849376678, -0.11908687651157379, -0.027714863419532776, -0.806161642074585, 0.5728458166122437, 0.3064785301685333, 0.0007407522643916309, 0.559400200843811]
0.516401434797008;0.38270819187164307;[-0.8193877935409546, 0.05589279904961586, -0.06212965026497841, 0.058893412351608276, -0.1661067008972168, -0.01365862600505352, -0.37970951199531555, 0.7587647438049316, -0.6601587533950806, 0.04333868250250816, -0.47688475251197815, 0.6398175954818726, 0.17869116365909576, 0.4646221101284027, -0.4668869078159332, -0.28144457936286926, -0.20711848139762878, -0.11632813513278961, -0.0274191964417696, -0.8066204190254211, 0.5723560452461243, 0.30679529905319214, 0.0007294623064808547, 0.558449923992157]
0.515645240812623;0.3827853202819824;[-0.8183088898658752, 0.05682810768485069, -0.06292447447776794, 0.05913987010717392, -0.1665717214345932, -0.013701955787837505, -0.3800594210624695, 0.758353590965271, -0.6603366136550903, 0.04366336762905121, -0.4769129157066345, 0.6394153237342834, 0.1788356602191925, 0.46485382318496704, -0.466708779335022, -0.2810559868812561, -0.20778334140777588, -0.1138225644826889, -0.027153052389621735, -0.8070896863937378, 0.5719955563545227, 0.3074006736278534, 0.0007341863820329309, 0.5581232309341431]
0.5149726017994557;0.3828415870666504;[-0.8173004388809204, 0.057682108134031296, -0.06378474831581116, 0.05936878174543381, -0.1670030802488327, -0.01367956679314375, -0.3804628551006317, 0.7579821944236755, -0.6605032086372375, 0.04391137510538101, -0.47685426473617554, 0.6390443444252014, 0.17903552949428558, 0.46512630581855774, -0.46652063727378845, -0.280698299407959, -0.20841887593269348, -0.11120058596134186, -0.02692398615181446, -0.8075885772705078, 0.5716967582702637, 0.3080475330352783, 0.000615899742115289, 0.5578023791313171]
