0.0;0.0007968368008732796;[-1.0, -1.0, 1.0, 1.0, 1.0, -1.0, 0.0, 1.0, 1.0, 0.0, 0.0, -1.0, -1.0, -1.0, -1.0, 1.0, 1.0, -1.0, 0.0, -1.0, -1.0, -1.0, -1.0, 1.0]
4.5478551916956595e-08;0.0007977122440934181;[-0.9998999834060669, -0.9999000430107117, 0.9999000430107117, 0.9998999834060669, 0.9998999834060669, -0.9998999834060669, -9.999097528634593e-05, 1.000100016593933, 0.9998999834060669, 9.99655676423572e-05, -9.986793884309009e-05, -1.000100016593933, -1.000100016593933, -0.9998999834060669, -1.000100016593933, 1.000100016593933, 0.9998999834060669, -1.0000998973846436, 9.998455789173022e-05, -1.000100016593933, -0.9998999834060669, -0.9999001622200012, -1.000100016593933, 0.9998999834060669]
0.00047243411026808826;0.0008848300203680992;[-0.9898983240127563, -0.9899043440818787, 0.9899043440818787, 0.9898983240127563, 0.9898983240127563, -0.9898983240127563, -0.01009907852858305, 1.0101016759872437, 0.9898983240127563, 0.01009650994092226, -0.010086655616760254, -1.0101016759872437, -1.0101016759872437, -0.9898983240127563, -1.0101016759872437, 1.0101016759872437, 0.9898983240127563, -1.010089635848999, 0.010098442435264587, -1.0101016759872437, -0.9898983240127563, -0.9899163842201233, -1.0101016759872437, 0.9898983240127563]
0.001899715139504088;0.0009719515219330788;[-0.9798966646194458, -0.9799086451530457, 0.9799086451530457, 0.9798966646194458, 0.9798966646194458, -0.9798966646194458, -0.020098131150007248, 1.0201033353805542, 0.9798966646194458, 0.02009308896958828, -0.020073413848876953, -1.0201033353805542, -1.0201033353805542, -0.9798966646194458, -1.0201033353805542, 1.0201033353805542, 0.9798966646194458, -1.0200793743133545, 0.020096907392144203, -1.0201033353805542, -0.9798966646194458, -0.9799326062202454, -1.0201033353805542, 0.9798966646194458]
0.00431182560371972;0.0010590692982077599;[-0.9698950052261353, -0.9699129462242126, 0.9699129462242126, 0.9698950052261353, 0.9698950052261353, -0.9698950052261353, -0.03009718284010887, 1.0301049947738647, 0.9698950052261353, 0.030089544132351875, -0.030060172080993652, -1.0301049947738647, -1.0301049947738647, -0.9698950052261353, -1.0301049947738647, 1.0301049947738647, 0.9698950052261353, -1.03006911277771, 0.030095400288701057, -1.0301049947738647, -0.9698950052261353, -0.9699488282203674, -1.0301049947738647, 0.9698950052261353]
0.007720064973238804;0.0011461889371275902;[-0.9598933458328247, -0.9599172472953796, 0.9599172472953796, 0.9598933458328247, 0.9598933458328247, -0.9598933458328247, -0.040096234530210495, 1.0401066541671753, 0.9598933458328247, 0.040085989981889725, -0.04004693031311035, -1.0401066541671753, -1.0401066541671753, -0.9598933458328247, -1.0401066541671753, 1.0401066541671753, 0.9598933458328247, -1.0400588512420654, 0.04009372740983963, -1.0401066541671753, -0.9598933458328247, -0.9599650502204895, -1.0401066541671753, 0.9598933458328247]
0.012115306464391958;0.0012333067134022713;[-0.9498916864395142, -0.9499215483665466, 0.9499215483665466, 0.9498916864395142, 0.9498916864395142, -0.9498916864395142, -0.05009528622031212, 1.0501083135604858, 0.9498916864395142, 0.050082433968782425, -0.05003368854522705, -1.0501083135604858, -1.0501083135604858, -0.9498916864395142, -1.0501083135604858, 1.0501083135604858, 0.9498916864395142, -1.050048589706421, 0.05009203404188156, -1.0501083135604858, -0.9498916864395142, -0.9499812722206116, -1.0501083135604858, 0.9498916864395142]
0.017934059955058743;0.027695849537849426;[-0.9334598779678345, -0.9528979063034058, 0.9465463757514954, 0.9394463300704956, 0.9391733407974243, -0.9319130778312683, -0.06456100195646286, 1.0605659484863281, 0.9297711849212646, 0.05495109409093857, -0.04613710567355156, -1.0602457523345947, -1.0606330633163452, -0.9558392763137817, -1.0761491060256958, 1.0602244138717651, 0.9392118453979492, -1.060294508934021, 0.08350194245576859, -1.0592931509017944, -0.9392062425613403, -0.9396701455116272, -1.0550003051757812, 0.9309050440788269]
0.018677072516152825;0.028259489685297012;[-0.9142128825187683, -0.9427448511123657, 0.9564600586891174, 0.9398577809333801, 0.9391384720802307, -0.92171311378479, -0.08400952070951462, 1.0601730346679688, 0.9172558784484863, 0.046470630913972855, -0.0548529252409935, -1.0593640804290771, -1.0603677034378052, -0.949674665927887, -1.0932193994522095, 1.0593116283416748, 0.9392382502555847, -1.059587836265564, 0.10339192301034927, -1.0569595098495483, -0.9392175674438477, -0.9402649402618408, -1.0713597536087036, 0.9195669293403625]
0.01921688388939795;0.02875814214348793;[-0.8984847068786621, -0.932619035243988, 0.9663897752761841, 0.9403130412101746, 0.9391027092933655, -0.9115505814552307, -0.099824920296669, 1.059738278388977, 0.905337393283844, 0.0377659946680069, -0.06376473605632782, -1.058390736579895, -1.0600727796554565, -0.9431326985359192, -1.1079121828079224, 1.0583033561706543, 0.9392680525779724, -1.0588066577911377, 0.11939355731010437, -1.0543960332870483, -0.9392294883728027, -0.9409224987030029, -1.0856759548187256, 0.9085109829902649]
0.019649258435314565;0.02922658622264862;[-0.8843996524810791, -0.9225144982337952, 0.9763305187225342, 0.9408114552497864, 0.9390620589256287, -0.9014156460762024, -0.1139615848660469, 1.0592625141143799, 0.8938158750534058, 0.028880616649985313, -0.07283280789852142, -1.0573254823684692, -1.0597505569458008, -0.9362558126449585, -1.1213595867156982, 1.0572004318237305, 0.9393001794815063, -1.0579519271850586, 0.13363972306251526, -1.0516071319580078, -0.9392470121383667, -0.9416423439979553, -1.0988805294036865, 0.8976541757583618]
0.019903145233250957;0.02962356060743332;[-0.871275782585144, -0.9181681275367737, 0.9854153990745544, 0.9413542151451111, 0.9390172958374023, -0.891290545463562, -0.12705689668655396, 1.0587449073791504, 0.8825671076774597, 0.02004256471991539, -0.08340023458003998, -1.0561655759811401, -1.0594005584716797, -0.9290832281112671, -1.1340440511703491, 1.0560024976730347, 0.9393359422683716, -1.057053565979004, 0.1400107443332672, -1.0485944747924805, -0.9392648935317993, -0.9424424171447754, -1.1114095449447632, 0.8869345188140869]
0.020003806210673294;0.02996569126844406;[-0.8587900996208191, -0.9189214706420898, 0.993877112865448, 0.9419419169425964, 0.9389656782150269, -0.8811745643615723, -0.1394726037979126, 1.0581849813461304, 0.8715233206748962, 0.011224622838199139, -0.09492706507444382, -1.0549094676971436, -1.0590211153030396, -0.921644926071167, -1.1462056636810303, 1.0547080039978027, 0.9393748641014099, -1.05610990524292, 0.14012476801872253, -1.0453593730926514, -0.9392827749252319, -0.9433234930038452, -1.1234681606292725, 0.8763214945793152]
0.020050094421778797;0.03030461072921753;[-0.8467645049095154, -0.9196351170539856, 1.0025078058242798, 0.9425750970840454, 0.9389110207557678, -0.871074914932251, -0.1514447033405304, 1.057581901550293, 0.8606452941894531, 0.002265710849314928, -0.10615535080432892, -1.053557276725769, -1.0586130619049072, -0.9139638543128967, -1.1579800844192505, 1.0533146858215332, 0.9394165873527527, -1.055092692375183, 0.14030097424983978, -1.0419015884399414, -0.9393006563186646, -0.9442722797393799, -1.1351609230041504, 0.8658010363578796]
0.02004479654298755;0.030641429126262665;[-0.8350819945335388, -0.9203815460205078, 1.0112740993499756, 0.9432551860809326, 0.9388514161109924, -0.8609885573387146, -0.16308452188968658, 1.056933879852295, 0.8498972654342651, -0.006812233477830887, -0.11716814339160919, -1.052106499671936, -1.0581737756729126, -0.9060636758804321, -1.1694616079330444, 1.0518203973770142, 0.9394618272781372, -1.054000973701477, 0.1404525339603424, -1.038221001625061, -0.9393210411071777, -0.9452908635139465, -1.1465773582458496, 0.8553546667098999]
0.02048674227152533;0.030951008200645447;[-0.8238391876220703, -0.9215830564498901, 1.0194789171218872, 0.9430373311042786, 0.9378844499588013, -0.8506604433059692, -0.17428165674209595, 1.0571842193603516, 0.839066207408905, -0.015210016630589962, -0.12731055915355682, -1.051540493965149, -1.0586364269256592, -0.8988990187644958, -1.1807773113250732, 1.0512096881866455, 0.9386003017425537, -1.0537997484207153, 0.14069612324237823, -1.035375714302063, -0.9384353756904602, -0.9454163908958435, -1.1574327945709229, 0.8447481393814087]
0.020902839218167456;0.03125792741775513;[-0.812795102596283, -0.9227710366249084, 1.0277310609817505, 0.9428311586380005, 0.936902642250061, -0.8404091000556946, -0.18528564274311066, 1.0574238300323486, 0.8283641338348389, -0.023631585761904716, -0.13729557394981384, -1.0509365797042847, -1.0590955018997192, -0.8916580080986023, -1.191901683807373, 1.050559639930725, 0.9377282857894897, -1.053573489189148, 0.1409359872341156, -1.0324312448501587, -0.9375388026237488, -0.9455657005310059, -1.168120265007019, 0.8342464566230774]
0.020819005656584743;0.0315856896340847;[-0.801750659942627, -0.9235544204711914, 1.036543607711792, 0.9435457587242126, 0.9368166327476501, -0.8305609226226807, -0.19630292057991028, 1.056743860244751, 0.8180066347122192, -0.03265323117375374, -0.14767344295978546, -1.049390435218811, -1.058641791343689, -0.8836660981178284, -1.2028027772903442, 1.0489662885665894, 0.9377546310424805, -1.0524142980575562, 0.14105422794818878, -1.0285248756408691, -0.9375399947166443, -0.9466466307640076, -1.1789621114730835, 0.8241190314292908]
0.021214672195677475;0.03188652545213699;[-0.7910106182098389, -0.9247393608093262, 1.0447722673416138, 0.9433127045631409, 0.9357832074165344, -0.8204535245895386, -0.20700950920581818, 1.0570118427276611, 0.8075128197669983, -0.04100213944911957, -0.1573527455329895, -1.0487881898880005, -1.059136986732483, -0.8764354586601257, -1.2136427164077759, 1.048316478729248, 0.9368335008621216, -1.0522009134292603, 0.141293004155159, -1.0255277156829834, -0.9365930557250977, -0.946780264377594, -1.1893709897994995, 0.8137953281402588]
0.021591700379745213;0.03218598663806915;[-0.7803813219070435, -0.9259517192840576, 1.0530270338058472, 0.9430818557739258, 0.9347310066223145, -0.8103843331336975, -0.2176073044538498, 1.0572787523269653, 0.7970890402793884, -0.049367815256118774, -0.166956827044487, -1.0481609106063843, -1.0596367120742798, -0.8691502213478088, -1.224375605583191, 1.0476409196853638, 0.9358965754508972, -1.0519741773605347, 0.14149110019207, -1.0224562883377075, -0.93562912940979, -0.9469261765480042, -1.19968581199646, 0.8035271763801575]
0.021485568403714794;0.03250722587108612;[-0.7696992754936218, -0.9267111420631409, 1.0618270635604858, 0.9437525868415833, 0.9345528483390808, -0.800652265548706, -0.22826918959617615, 1.0566446781158447, 0.7869375348091125, -0.05830986797809601, -0.17695286870002747, -1.0466113090515137, -1.059242844581604, -0.8611506223678589, -1.2349592447280884, 1.0460420846939087, 0.9358394742012024, -1.0508337020874023, 0.1416770964860916, -1.0184491872787476, -0.9355436563491821, -0.9479840397834778, -1.210187554359436, 0.793563187122345]
0.021788218306691132;0.03280573710799217;[-0.7592304348945618, -0.9278624653816223, 1.0701239109039307, 0.9436088800430298, 0.9335694313049316, -0.7907134890556335, -0.23871155083179474, 1.0568252801895142, 0.7766674757003784, -0.06669049710035324, -0.18642927706241608, -1.0458803176879883, -1.059660792350769, -0.8538007736206055, -1.245517373085022, 1.0452613830566406, 0.9349744319915771, -1.0505098104476929, 0.14187809824943542, -1.015242338180542, -0.9346513152122498, -0.9482248425483704, -1.2203683853149414, 0.7834381461143494]
0.02214246131855819;0.0330052375793457;[-0.7492852210998535, -0.9291252493858337, 1.0759789943695068, 0.9434963464736938, 0.9326152801513672, -0.7811106443405151, -0.23885691165924072, 1.056975245475769, 0.7666678428649902, -0.07429516315460205, -0.1934928447008133, -1.0451312065124512, -1.0600380897521973, -0.8463478088378906, -1.2469347715377808, 1.0444464683532715, 0.9341750144958496, -1.050331473350525, 0.14214389026165009, -1.011978030204773, -0.933800995349884, -0.9483245015144348, -1.2299599647521973, 0.7737764120101929]
0.022478499059981772;0.033185653388500214;[-0.739474356174469, -0.9304389953613281, 1.0810627937316895, 0.943425178527832, 0.9317018389701843, -0.7716115713119507, -0.23733893036842346, 1.0570851564407349, 0.7567586898803711, -0.08171496540307999, -0.19978749752044678, -1.0443451404571533, -1.0603723526000977, -0.838876485824585, -1.2464499473571777, 1.043590784072876, 0.9334251880645752, -1.0501573085784912, 0.14236922562122345, -1.008672833442688, -0.9329947233200073, -0.9484216570854187, -1.2394055128097534, 0.7642472386360168]
0.022779439962478876;0.033366572111845016;[-0.7296940684318542, -0.931730329990387, 1.0859267711639404, 0.9434022903442383, 0.9308344125747681, -0.7621525526046753, -0.23596031963825226, 1.0571461915969849, 0.7468903660774231, -0.08912452310323715, -0.20581887662410736, -1.0435097217559814, -1.060658574104309, -0.8313932418823242, -1.2459051609039307, 1.0426849126815796, 0.9327231049537659, -1.049940824508667, 0.14259861409664154, -1.0053179264068604, -0.9322352409362793, -0.9485610127449036, -1.248826265335083, 0.7547607421875]
0.02294840962595068;0.033548757433891296;[-0.7199587225914001, -0.9329491853713989, 1.0904918909072876, 0.9436152577400208, 0.9302011728286743, -0.752824604511261, -0.23433105647563934, 1.0569714307785034, 0.7371252775192261, -0.09655926376581192, -0.2115061730146408, -1.0424410104751587, -1.0607082843780518, -0.8237566351890564, -1.244990587234497, 1.041543960571289, 0.9322607517242432, -1.049513816833496, 0.14280155301094055, -1.0017391443252563, -0.9317122101783752, -0.948912501335144, -1.2582225799560547, 0.7454104423522949]
0.022903663826339897;0.03375519812107086;[-0.7099968194961548, -0.9338781237602234, 1.095906376838684, 0.9442237615585327, 0.929958164691925, -0.7435250878334045, -0.23399192094802856, 1.0564011335372925, 0.7273843288421631, -0.10452438145875931, -0.21791982650756836, -1.0409677028656006, -1.060368299484253, -0.8158882856369019, -1.245261311531067, 1.0400044918060303, 0.932175874710083, -1.0486207008361816, 0.14302948117256165, -0.9977820515632629, -0.9315748810768127, -0.949727475643158, -1.2679258584976196, 0.7360225915908813]
0.02320212333633264;0.03393261879682541;[-0.7003017067909241, -0.935188353061676, 1.100237488746643, 0.9441541433334351, 0.9290488362312317, -0.7341190576553345, -0.23271071910858154, 1.056509017944336, 0.7175804376602173, -0.11180794984102249, -0.2233130782842636, -1.0401848554611206, -1.0606991052627563, -0.8085237741470337, -1.2446017265319824, 1.0391507148742676, 0.9314343333244324, -1.0484660863876343, 0.14326855540275574, -0.9944949150085449, -0.9307739734649658, -0.9498055577278137, -1.2772501707077026, 0.7265987992286682]
0.023492579707684293;0.03411110118031502;[-0.6906074285507202, -0.9364959597587585, 1.104530692100525, 0.9440826177597046, 0.9281358122825623, -0.7247121334075928, -0.2315695881843567, 1.056618094444275, 0.707782506942749, -0.1191011369228363, -0.22865337133407593, -1.039401650428772, -1.0610332489013672, -0.8011764883995056, -1.2440441846847534, 1.0382968187332153, 0.9306889772415161, -1.0483086109161377, 0.1434982568025589, -0.9912060499191284, -0.9299691319465637, -0.9498865008354187, -1.286575436592102, 0.7171716690063477]
0.024331623543216854;0.03426008298993111;[-0.6808006763458252, -0.9378213286399841, 1.1103554964065552, 0.9440060257911682, 0.9272184371948242, -0.7153099179267883, -0.23069113492965698, 1.0567394495010376, 0.7070197463035583, -0.12572185695171356, -0.23543721437454224, -1.0386147499084473, -1.060311198234558, -0.7937647104263306, -1.2436866760253906, 1.0374717712402344, 0.9299272298812866, -1.0481370687484741, 0.143745556473732, -0.9879540205001831, -0.9291507601737976, -0.9505525231361389, -1.2960597276687622, 0.7077690958976746]
0.025171552138176557;0.03440540283918381;[-0.6711448431015015, -0.9391282200813293, 1.1141254901885986, 0.9439416527748108, 0.9263197183609009, -0.7059398889541626, -0.2295195460319519, 1.0568406581878662, 0.7055842876434326, -0.1326749622821808, -0.23965923488140106, -1.0378326177597046, -1.0606504678726196, -0.7864360809326172, -1.2430505752563477, 1.0366214513778687, 0.9291970729827881, -1.0479835271835327, 0.1439700722694397, -0.9846932291984558, -0.9283612370491028, -0.9506360292434692, -1.3053549528121948, 0.6983708739280701]
0.026007636780685073;0.03455422818660736;[-0.6614469289779663, -0.9403907060623169, 1.118003487586975, 0.943862795829773, 0.9254040718078613, -0.6965305209159851, -0.22869476675987244, 1.0569559335708618, 0.7038755416870117, -0.1397683173418045, -0.24396243691444397, -1.0370603799819946, -1.0610644817352295, -0.7791422009468079, -1.2427443265914917, 1.0357811450958252, 0.9284465909004211, -1.0478209257125854, 0.14422176778316498, -0.9814406633377075, -0.9275538325309753, -0.9506949186325073, -1.3146977424621582, 0.6889193058013916]
0.026966039826224655;0.034693315625190735;[-0.6517235636711121, -0.9417542219161987, 1.1228514909744263, 0.9437984228134155, 0.9245212078094482, -0.6872156858444214, -0.22761838138103485, 1.0570635795593262, 0.7047787308692932, -0.14608977735042572, -0.24931974709033966, -1.0362850427627563, -1.0604465007781982, -0.7718117237091064, -1.2421422004699707, 1.0349676609039307, 0.927721381187439, -1.047664761543274, 0.1444087028503418, -0.9782568216323853, -0.9267704486846924, -0.9512902498245239, -1.3240913152694702, 0.6795942187309265]
0.027921172514115293;0.03483474254608154;[-0.6419734358787537, -0.9430602192878723, 1.127621054649353, 0.9437315464019775, 0.9236262440681458, -0.6778647899627686, -0.22672170400619507, 1.0571742057800293, 0.7055811882019043, -0.15233317017555237, -0.25439780950546265, -1.0355027914047241, -1.0597600936889648, -0.7644475698471069, -1.2417083978652954, 1.0341483354568481, 0.9269839525222778, -1.0474971532821655, 0.14466121792793274, -0.9750534892082214, -0.9259758591651917, -0.9519354701042175, -1.3335283994674683, 0.6702234148979187]
0.02881456539034233;0.034979309886693954;[-0.6323125958442688, -0.9443463683128357, 1.1309678554534912, 0.9436617493629456, 0.9227299690246582, -0.6684982180595398, -0.22580720484256744, 1.057281255722046, 0.7046764492988586, -0.1589336097240448, -0.25786229968070984, -1.0347315073013306, -1.0601261854171753, -0.7571567893028259, -1.241275668144226, 1.0333153009414673, 0.9262535572052002, -1.0473395586013794, 0.14488719403743744, -0.9718421101570129, -0.9251880645751953, -0.9520372152328491, -1.3428508043289185, 0.6608023643493652]
0.029782619556399353;0.035119347274303436;[-0.6225906014442444, -0.9456926584243774, 1.135587453842163, 0.943570077419281, 0.9218129515647888, -0.6591480374336243, -0.2248818278312683, 1.0574164390563965, 0.7054400444030762, -0.16501325368881226, -0.2627464532852173, -1.033976674079895, -1.059440016746521, -0.749820351600647, -1.2407962083816528, 1.032523512840271, 0.9254943132400513, -1.0472004413604736, 0.14510904252529144, -0.968675971031189, -0.9243713617324829, -0.9526636600494385, -1.352254867553711, 0.6514317393302917]
0.030577982550104094;0.03525617718696594;[-0.6129457354545593, -0.9469884634017944, 1.1388084888458252, 0.943422257900238, 0.9209280014038086, -0.6497802138328552, -0.22393850982189178, 1.0575165748596191, 0.704632580280304, -0.17139777541160583, -0.2660008370876312, -1.0332014560699463, -1.0597937107086182, -0.74252849817276, -1.240319013595581, 1.0316883325576782, 0.9247738718986511, -1.0470613241195679, 0.1453533172607422, -0.9654766917228699, -0.9235936999320984, -0.9527700543403625, -1.3615365028381348, 0.6436823010444641]
0.03086240006278619;0.03536451980471611;[-0.603276789188385, -0.9483665823936462, 1.141690969467163, 0.9429988861083984, 0.9201335906982422, -0.6404345035552979, -0.22295206785202026, 1.05752694606781, 0.7036729454994202, -0.17799991369247437, -0.2688370943069458, -1.03233003616333, -1.0600974559783936, -0.7351778149604797, -1.2397960424423218, 1.0307533740997314, 0.9241400361061096, -1.0469133853912354, 0.1456044614315033, -0.9621795415878296, -0.9229040741920471, -0.9529067277908325, -1.3707796335220337, 0.643066942691803]
0.03133618041048934;0.03545023500919342;[-0.5937034487724304, -0.9496828317642212, 1.145849347114563, 0.9431102275848389, 0.9191751480102539, -0.6311081051826477, -0.22178596258163452, 1.0577061176300049, 0.7041671872138977, -0.18382298946380615, -0.27318355441093445, -1.0316332578659058, -1.0596321821212769, -0.7278984785079956, -1.2390576601028442, 1.0300147533416748, 0.9233464002609253, -1.0468050241470337, 0.14579175412654877, -0.9590731263160706, -0.9220495223999023, -0.9533867835998535, -1.38006591796875, 0.6410896182060242]
0.031092471393568837;0.03560423478484154;[-0.58359694480896, -0.9509148001670837, 1.1489465236663818, 0.9426745176315308, 0.9190758466720581, -0.621782124042511, -0.22210057079792023, 1.0570250749588013, 0.7035120725631714, -0.19098880887031555, -0.27571165561676025, -1.030046820640564, -1.0589498281478882, -0.7200628519058228, -1.2398055791854858, 1.028383731842041, 0.9233756065368652, -1.045992374420166, 0.14600804448127747, -0.9551189541816711, -0.9220399856567383, -0.9544544816017151, -1.3897747993469238, 0.6429815292358398]
0.031392146767656184;0.03571252524852753;[-0.5738516449928284, -0.9522872567176819, 1.1525923013687134, 0.9423246383666992, 0.9182787537574768, -0.6124254465103149, -0.22135403752326965, 1.0570460557937622, 0.7041736841201782, -0.19682277739048004, -0.2791913151741028, -1.029173731803894, -1.058121681213379, -0.7126301527023315, -1.2394849061965942, 1.0274786949157715, 0.922728419303894, -1.0458053350448608, 0.1462816596031189, -0.9518553614616394, -0.9213393330574036, -0.9552124738693237, -1.3991918563842773, 0.6426013708114624]
0.03169593962886676;0.03581971675157547;[-0.5642054080963135, -0.9537319540977478, 1.1552053689956665, 0.9418526291847229, 0.9173793196678162, -0.603028416633606, -0.2205631583929062, 1.0571646690368652, 0.7034091353416443, -0.203059583902359, -0.2816343307495117, -1.0284135341644287, -1.0585389137268066, -0.705355167388916, -1.2391465902328491, 1.0266584157943726, 0.9219875335693359, -1.04573655128479, 0.14649233222007751, -0.9486738443374634, -0.9205440878868103, -0.9552643299102783, -1.4084641933441162, 0.6422368288040161]
0.032059564035392396;0.035924769937992096;[-0.5544642210006714, -0.955181360244751, 1.1591460704803467, 0.9413453936576843, 0.9164409041404724, -0.5936113595962524, -0.21989017724990845, 1.0573245286941528, 0.7042728066444397, -0.20876522362232208, -0.2854235768318176, -1.027673602104187, -1.0576837062835693, -0.6980079412460327, -1.238896369934082, 1.0258890390396118, 0.9211971759796143, -1.0456846952438354, 0.14675959944725037, -0.9455360174179077, -0.9197015166282654, -0.9559597969055176, -1.4178649187088013, 0.6418532133102417]
0.03235704060826996;0.03602636978030205;[-0.5448983311653137, -0.9565206170082092, 1.161917805671692, 0.9411360621452332, 0.9155496954917908, -0.5842282772064209, -0.2189781665802002, 1.057431697845459, 0.703539252281189, -0.2147379219532013, -0.2880389988422394, -1.0269039869308472, -1.0580884218215942, -0.6907024383544922, -1.23842453956604, 1.0250604152679443, 0.920468807220459, -1.0455622673034668, 0.14698712527751923, -0.942338228225708, -0.9189168810844421, -0.9560429453849792, -1.4271364212036133, 0.6410343050956726]
0.0326247810473883;0.03613144904375076;[-0.5353153944015503, -0.9578776359558105, 1.1648240089416504, 0.9408991932868958, 0.9146480560302734, -0.5748154520988464, -0.21822507679462433, 1.0575450658798218, 0.702770471572876, -0.2207769751548767, -0.2907440662384033, -1.0261340141296387, -1.0584838390350342, -0.6833986639976501, -1.2381107807159424, 1.0242315530776978, 0.9197269678115845, -1.045434832572937, 0.1472042351961136, -0.9391236901283264, -0.9181207418441772, -0.9561370015144348, -1.4364612102508545, 0.6404770612716675]
0.03235525189875575;0.036205045878887177;[-0.5330146551132202, -0.959453284740448, 1.1679836511611938, 0.9399656653404236, 0.9137972593307495, -0.5654963254928589, -0.2169482558965683, 1.0576308965682983, 0.7032988667488098, -0.22640372812747955, -0.2936875820159912, -1.0253328084945679, -1.0578205585479736, -0.6759838461875916, -1.2372651100158691, 1.023383378982544, 0.9190235733985901, -1.0455104112625122, 0.14746394753456116, -0.9359027743339539, -0.9178261756896973, -0.9568861126899719, -1.4456437826156616, 0.6410033702850342]
0.03161504202315509;0.03630863502621651;[-0.5333998799324036, -0.9605583548545837, 1.1713683605194092, 0.9403653740882874, 0.913414716720581, -0.556135892868042, -0.21702763438224792, 1.0572021007537842, 0.7025642395019531, -0.23292176425457, -0.2966616451740265, -1.0239917039871216, -1.0575389862060547, -0.6682515740394592, -1.237753987312317, 1.0219987630844116, 0.9187942743301392, -1.0446937084197998, 0.14762486517429352, -0.9321213364601135, -0.9172278642654419, -0.9576282501220703, -1.4553616046905518, 0.6403815150260925]
0.03099505184612678;0.03640870004892349;[-0.5330849289894104, -0.961967408657074, 1.1740691661834717, 0.9398599863052368, 0.9128786325454712, -0.5467613935470581, -0.21666285395622253, 1.056944489479065, 0.7017388939857483, -0.23927238583564758, -0.2989152669906616, -1.0228315591812134, -1.0575294494628906, -0.6606263518333435, -1.2378172874450684, 1.0207819938659668, 0.9184083938598633, -1.0442510843276978, 0.14781641960144043, -0.928508460521698, -0.9166015982627869, -0.9581040740013123, -1.4648107290267944, 0.6407586932182312]
0.030704664791375028;0.036486946046352386;[-0.5320778489112854, -0.963411271572113, 1.1779288053512573, 0.9393952488899231, 0.9119319915771484, -0.5373260378837585, -0.21592184901237488, 1.0571010112762451, 0.7024682760238647, -0.24467608332633972, -0.3024791181087494, -1.022080421447754, -1.0567721128463745, -0.6531581878662109, -1.2374933958053589, 1.0199944972991943, 0.9176115989685059, -1.0442131757736206, 0.14807187020778656, -0.9252937436103821, -0.9159347414970398, -0.9589726328849792, -1.4741325378417969, 0.6403863430023193]
0.030337747027342935;0.03656800091266632;[-0.531274676322937, -0.9648560285568237, 1.1806327104568481, 0.9388532042503357, 0.9110115170478821, -0.5278692841529846, -0.21517044305801392, 1.057214617729187, 0.701706051826477, -0.25056692957878113, -0.3048821985721588, -1.021289587020874, -1.0571999549865723, -0.6456982493400574, -1.2371858358383179, 1.0191372632980347, 0.9168523550033569, -1.0441560745239258, 0.14830897748470306, -0.9219886064529419, -0.9152404069900513, -0.9591505527496338, -1.4833323955535889, 0.6401845216751099]
0.029993264421486206;0.0366494320333004;[-0.5305258631706238, -0.9663079380989075, 1.1844404935836792, 0.9383569955825806, 0.9100936055183411, -0.5184375047683716, -0.21453262865543365, 1.0573327541351318, 0.7022775411605835, -0.25615349411964417, -0.30837705731391907, -1.0204917192459106, -1.0564936399459839, -0.6381785869598389, -1.2369682788848877, 1.0182983875274658, 0.9160868525505066, -1.044080138206482, 0.14856871962547302, -0.9187055230140686, -0.9145023822784424, -0.9600367546081543, -1.4926483631134033, 0.6399250626564026]
0.02940304906956472;0.036740709096193314;[-0.5303264856338501, -0.967595636844635, 1.1870205402374268, 0.9381070733070374, 0.9095168113708496, -0.5091129541397095, -0.21378736197948456, 1.0570961236953735, 0.7015649676322937, -0.26225462555885315, -0.31061044335365295, -1.019341230392456, -1.0564420223236084, -0.6304430961608887, -1.2366487979888916, 1.0170888900756836, 0.9156747460365295, -1.0436580181121826, 0.14887410402297974, -0.9150561094284058, -0.9137411117553711, -0.9605626463890076, -1.501950740814209, 0.6399408578872681]
0.02877775236822385;0.03683166205883026;[-0.5302019715309143, -0.9688458442687988, 1.1905410289764404, 0.9383288025856018, 0.9090107083320618, -0.4997246563434601, -0.21386702358722687, 1.0567811727523804, 0.7010330557823181, -0.2686026692390442, -0.31370118260383606, -1.0181050300598145, -1.0561364889144897, -0.622677206993103, -1.2371395826339722, 1.0158029794692993, 0.9153239130973816, -1.0430185794830322, 0.148966446518898, -0.9113277792930603, -0.9129284620285034, -0.9614466428756714, -1.5115302801132202, 0.6392828822135925]
0.028314205653182357;0.03693293780088425;[-0.529762327671051, -0.9702497720718384, 1.1935268640518188, 0.9378337860107422, 0.9082854390144348, -0.4903869926929474, -0.21314124763011932, 1.0567083358764648, 0.7013935446739197, -0.27419835329055786, -0.31631940603256226, -1.0171178579330444, -1.0553585290908813, -0.6149969696998596, -1.2368266582489014, 1.0147738456726074, 0.9147536754608154, -1.0427840948104858, 0.14926691353321075, -0.9078603982925415, -0.9120782613754272, -0.9624437689781189, -1.5208567380905151, 0.6393577456474304]
0.027955331361624893;0.03701520711183548;[-0.529081404209137, -0.9716692566871643, 1.1960270404815674, 0.9375319480895996, 0.9073444604873657, -0.4809485375881195, -0.21251653134822845, 1.0568357706069946, 0.7005413770675659, -0.2799804210662842, -0.3185060918331146, -1.0163393020629883, -1.0559158325195312, -0.6074954271316528, -1.236641764640808, 1.0139273405075073, 0.9139776229858398, -1.042690634727478, 0.14943499863147736, -0.904536247253418, -0.9111851453781128, -0.9626315832138062, -1.5300928354263306, 0.6388024091720581]
0.02761420061746848;0.03709849715232849;[-0.5284347534179688, -0.9731462001800537, 1.1992932558059692, 0.9369416236877441, 0.9064217209815979, -0.47156089544296265, -0.2117924988269806, 1.0569608211517334, 0.7011942267417908, -0.2853553295135498, -0.3214203119277954, -1.0155479907989502, -1.0551153421401978, -0.5999158620834351, -1.2363364696502686, 1.013096809387207, 0.9132091403007507, -1.0426414012908936, 0.14971190690994263, -0.9012448191642761, -0.9102392196655273, -0.9636848568916321, -1.5393954515457153, 0.6386333107948303]
0.027240001731649238;0.037181638181209564;[-0.5278116464614868, -0.974635660648346, 1.2016758918762207, 0.9362970590591431, 0.9054926633834839, -0.46212857961654663, -0.21117067337036133, 1.057078242301941, 0.7004839181900024, -0.2911913990974426, -0.3234655559062958, -1.014753818511963, -1.0555437803268433, -0.5923840999603271, -1.2361598014831543, 1.0122358798980713, 0.912442147731781, -1.042594313621521, 0.14993606507778168, -0.897910475730896, -0.9092520475387573, -0.9639288187026978, -1.5486079454421997, 0.6385605335235596]
0.026909596901678254;0.03725815564393997;[-0.527219295501709, -0.9759279489517212, 1.2051409482955933, 0.9365509152412415, 0.9045762419700623, -0.4527848958969116, -0.21036900579929352, 1.057183027267456, 0.7010219693183899, -0.296470582485199, -0.3266553282737732, -1.0139477252960205, -1.0548195838928223, -0.5847757458686829, -1.235764503479004, 1.011387825012207, 0.9116926789283752, -1.0423961877822876, 0.15013940632343292, -0.89458167552948, -0.9082084894180298, -0.9650648236274719, -1.557935357093811, 0.6373379826545715]
0.026417175521938615;0.0373484343290329;[-0.5268803238868713, -0.9773155450820923, 1.2073606252670288, 0.9363174438476562, 0.9038667678833008, -0.4434451162815094, -0.20968489348888397, 1.0570778846740723, 0.7002958655357361, -0.3022577166557312, -0.32854515314102173, -1.012930989265442, -1.0549728870391846, -0.577068030834198, -1.2355098724365234, 1.0103086233139038, 0.9111486673355103, -1.0420926809310913, 0.1503465175628662, -0.8910291194915771, -0.9071252346038818, -0.9655547142028809, -1.5672281980514526, 0.6371690630912781]
0.02601353231803721;0.03744065389037132;[-0.5263704657554626, -0.97894287109375, 1.2099376916885376, 0.9350596070289612, 0.9030210971832275, -0.4340391755104065, -0.20918245613574982, 1.0571296215057373, 0.7004304528236389, -0.30793535709381104, -0.33067646622657776, -1.01206374168396, -1.0545291900634766, -0.5694530606269836, -1.2354412078857422, 1.0093913078308105, 0.9104490280151367, -1.0420608520507812, 0.15064693987369537, -0.8876494765281677, -0.9059733152389526, -0.9663873910903931, -1.5765279531478882, 0.6378271579742432]
0.025295802990818166;0.03755277395248413;[-0.526534378528595, -0.9801086187362671, 1.2127894163131714, 0.9353991746902466, 0.9027610421180725, -0.4247841238975525, -0.20916835963726044, 1.056575059890747, 0.7001751065254211, -0.31399005651474, -0.33303844928741455, -1.0105905532836914, -1.0536611080169678, -0.5614352822303772, -1.2358218431472778, 1.0078777074813843, 0.910342812538147, -1.0411878824234009, 0.1508551388978958, -0.8836901783943176, -0.904772162437439, -0.9678751230239868, -1.5862021446228027, 0.6375769376754761]
0.024995150667360185;0.03761906921863556;[-0.5258156657218933, -0.9815486669540405, 1.2157114744186401, 0.9349759221076965, 0.9018474817276001, -0.4162796437740326, -0.2086251676082611, 1.0566692352294922, 0.6995364427566528, -0.319410115480423, -0.33476290106773376, -1.0098731517791748, -1.054216742515564, -0.5551078915596008, -1.2356853485107422, 1.007103443145752, 0.9095978140830994, -1.041202425956726, 0.15108267962932587, -0.8806359767913818, -0.9034951329231262, -0.968063473701477, -1.5944716930389404, 0.6372963786125183]
0.024745303977826098;0.03767581284046173;[-0.5250257849693298, -0.9830422401428223, 1.2198716402053833, 0.9346593022346497, 0.9009772539138794, -0.40850013494491577, -0.20792055130004883, 1.056721568107605, 0.7003313302993774, -0.3241254389286041, -0.33705809712409973, -1.0091794729232788, -1.053524374961853, -0.5496329069137573, -1.235336184501648, 1.006388783454895, 0.9088951945304871, -1.0412687063217163, 0.15131504833698273, -0.8778083324432373, -0.9021368622779846, -0.9691379070281982, -1.6020982265472412, 0.6370162963867188]
0.024467519279939048;0.037726663053035736;[-0.5242875814437866, -0.9843791127204895, 1.2232099771499634, 0.9348241090774536, 0.9001320004463196, -0.40063321590423584, -0.20687246322631836, 1.0567282438278198, 0.6997867226600647, -0.3290999233722687, -0.338627427816391, -1.0084502696990967, -1.0540447235107422, -0.5440723299980164, -1.2346644401550293, 1.005610466003418, 0.908238410949707, -1.0412547588348389, 0.1515417844057083, -0.8748845458030701, -0.9007318019866943, -0.969329833984375, -1.6097151041030884, 0.6362263560295105]
0.024117945335985175;0.037795647978782654;[-0.5236383080482483, -0.9860663414001465, 1.2272518873214722, 0.9337942004203796, 0.8993847966194153, -0.3926014006137848, -0.20662914216518402, 1.0566517114639282, 0.7004269957542419, -0.334293931722641, -0.34058886766433716, -1.0076090097427368, -1.0533254146575928, -0.5384050607681274, -1.2347948551177979, 1.0047482252120972, 0.9076447486877441, -1.0412843227386475, 0.1517961621284485, -0.8718968629837036, -0.8992273211479187, -0.9704408049583435, -1.6176464557647705, 0.6370208859443665]
0.023422722095302117;0.037886910140514374;[-0.5237346887588501, -0.9872278571128845, 1.2311333417892456, 0.9343886971473694, 0.8993200063705444, -0.3846791088581085, -0.2068406194448471, 1.0558676719665527, 0.7000817060470581, -0.34008604288101196, -0.3423640727996826, -1.0060675144195557, -1.0526078939437866, -0.5322345495223999, -1.2353482246398926, 1.0031843185424805, 0.9077446460723877, -1.0403932332992554, 0.15198281407356262, -0.8682230710983276, -0.8976700901985168, -0.9719370603561401, -1.6260308027267456, 0.6368873119354248]
0.023163285070772102;0.03794829547405243;[-0.5229413509368896, -0.9887012839317322, 1.2346616983413696, 0.9340313076972961, 0.8984197378158569, -0.37645432353019714, -0.20630286633968353, 1.055932879447937, 0.6995402574539185, -0.3453844487667084, -0.3439481854438782, -1.005391001701355, -1.0532135963439941, -0.5265842080116272, -1.2352116107940674, 1.0024592876434326, 0.9070194363594055, -1.0404720306396484, 0.15223783254623413, -0.8653530478477478, -0.8960267305374146, -0.9720866680145264, -1.6339991092681885, 0.6366164684295654]
0.022909395901642118;0.03800757974386215;[-0.522840142250061, -0.990331768989563, 1.238977313041687, 0.933610200881958, 0.8975251913070679, -0.368183970451355, -0.2056291252374649, 1.0559890270233154, 0.7004351019859314, -0.3503378629684448, -0.3463331460952759, -1.004679560661316, -1.0524126291275024, -0.520788311958313, -1.2349075078964233, 1.001733660697937, 0.9063009023666382, -1.0404808521270752, 0.15251101553440094, -0.8624748587608337, -0.8933230638504028, -0.9728490710258484, -1.6422169208526611, 0.6364709138870239]
0.022582950193680267;0.03806813433766365;[-0.5225767493247986, -0.991927444934845, 1.2422696352005005, 0.9331548810005188, 0.8966838717460632, -0.35980868339538574, -0.2049274742603302, 1.0559802055358887, 0.6998459696769714, -0.3558007478713989, -0.3476516008377075, -1.003912329673767, -1.052950382232666, -0.5149657130241394, -1.2346105575561523, 1.0009219646453857, 0.9056426286697388, -1.0404778718948364, 0.15275469422340393, -0.8595020771026611, -0.8914657831192017, -0.9728902578353882, -1.6503947973251343, 0.6364966034889221]
0.02181124296926677;0.03815896064043045;[-0.5222911238670349, -0.993053674697876, 1.2462735176086426, 0.9337862133979797, 0.8967564105987549, -0.35160988569259644, -0.20488694310188293, 1.0550466775894165, 0.6992354989051819, -0.36200466752052307, -0.3494504690170288, -1.002212405204773, -1.0522878170013428, -0.5084550976753235, -1.2349319458007812, 0.999189019203186, 0.9058830142021179, -1.039518117904663, 0.15291863679885864, -0.8556365966796875, -0.8912275433540344, -0.974407970905304, -1.6590759754180908, 0.6364824175834656]
0.021519027222810322;0.03822033107280731;[-0.5219997763633728, -0.9945919513702393, 1.2498997449874878, 0.9334044456481934, 0.8958308100700378, -0.34305113554000854, -0.20434018969535828, 1.0551128387451172, 0.6985468864440918, -0.36769628524780273, -0.35102006793022156, -1.00151526927948, -1.0529590845108032, -0.5026482939720154, -1.2347972393035889, 0.9984470009803772, 0.9051414132118225, -1.039543867111206, 0.1532108038663864, -0.852717936038971, -0.8894458413124084, -0.9742229580879211, -1.6674375534057617, 0.6362205743789673]
0.02124306136581697;0.038275085389614105;[-0.5216944217681885, -0.996154248714447, 1.2543383836746216, 0.9334046244621277, 0.8949411511421204, -0.33451101183891296, -0.20336955785751343, 1.0551491975784302, 0.6993634104728699, -0.37274307012557983, -0.3535999655723572, -1.0007786750793457, -1.0522757768630981, -0.4966551959514618, -1.2342031002044678, 0.9976919889450073, 0.9044362306594849, -1.039503574371338, 0.1534348577260971, -0.8497769236564636, -0.8878547549247742, -0.9748907089233398, -1.6759546995162964, 0.6354974508285522]
0.020839050794571583;0.03834008425474167;[-0.5213724374771118, -0.9976093173027039, 1.2578905820846558, 0.9334952235221863, 0.8942384719848633, -0.3258815407752991, -0.20279544591903687, 1.0549793243408203, 0.6987131237983704, -0.37837937474250793, -0.35520678758621216, -0.9998358488082886, -1.052626132965088, -0.49054840207099915, -1.2340325117111206, 0.9967080950737, 0.9039186239242554, -1.039267659187317, 0.1536390632390976, -0.8465942740440369, -0.8866119980812073, -0.975131094455719, -1.6845695972442627, 0.6351152062416077]
0.02015706173773786;0.0384359136223793;[-0.5210199356079102, -0.9990339279174805, 1.2616477012634277, 0.9331550598144531, 0.8941331505775452, -0.317298024892807, -0.2030712366104126, 1.054223895072937, 0.6981495022773743, -0.38474953174591064, -0.3566412329673767, -0.9982976913452148, -1.0521490573883057, -0.4840605854988098, -1.2347009181976318, 0.9951396584510803, 0.9039690494537354, -1.0385514497756958, 0.1538756787776947, -0.842873752117157, -0.8861681222915649, -0.9762086272239685, -1.6935402154922485, 0.6360678672790527]
0.019883270439611835;0.038497500121593475;[-0.5206609964370728, -1.0006781816482544, 1.2661155462265015, 0.9327998161315918, 0.893219530582428, -0.3085327744483948, -0.2024020254611969, 1.0542889833450317, 0.6990313529968262, -0.3898490369319916, -0.35916921496391296, -0.9975839853286743, -1.0514230728149414, -0.4780231714248657, -1.2344235181808472, 0.9944137334823608, 0.9032291173934937, -1.0385617017745972, 0.15415029227733612, -0.8399674296379089, -0.8847125172615051, -0.976872444152832, -1.7023299932479858, 0.6358005404472351]
0.019588855491615837;0.03856014460325241;[-0.5202869772911072, -1.002284288406372, 1.2697088718414307, 0.9323998689651489, 0.8922962546348572, -0.29967671632766724, -0.2017885446548462, 1.0543498992919922, 0.6984764337539673, -0.3954746127128601, -0.36075225472450256, -0.996873140335083, -1.052000641822815, -0.4720418155193329, -1.234232783317566, 0.9936622977256775, 0.9024878740310669, -1.038583517074585, 0.1544143259525299, -0.8370240926742554, -0.883306622505188, -0.9767694473266602, -1.7110539674758911, 0.6355785727500916]
0.019306075977883468;0.038614366203546524;[-0.5198948979377747, -1.0037790536880493, 1.274383544921875, 0.9326784014701843, 0.8914172053337097, -0.29086220264434814, -0.20086443424224854, 1.054364562034607, 0.6993619799613953, -0.40053436160087585, -0.3635505139827728, -0.9961065649986267, -1.0511949062347412, -0.4658801257610321, -1.233691930770874, 0.9928821325302124, 0.9017938375473022, -1.038467526435852, 0.1546427309513092, -0.8340350389480591, -0.8819988965988159, -0.9775074124336243, -1.7199581861495972, 0.634616494178772]
0.018980785985646634;0.0386759489774704;[-0.519473135471344, -1.005484938621521, 1.2775588035583496, 0.9315923452377319, 0.8906787037849426, -0.28537335991859436, -0.2006259709596634, 1.0542469024658203, 0.6987851858139038, -0.4064737856388092, -0.3643501400947571, -0.9952061772346497, -1.0515567064285278, -0.4597631096839905, -1.2338852882385254, 0.9919460415840149, 0.901220977306366, -1.0385125875473022, 0.15492531657218933, -0.830927848815918, -0.8808783292770386, -0.9776014089584351, -1.725440263748169, 0.6355227828025818]
0.018506148394692182;0.03873246908187866;[-0.5190243721008301, -1.0065574645996094, 1.2815579175949097, 0.9321648478507996, 0.8905742764472961, -0.28548043966293335, -0.20077203214168549, 1.0534788370132446, 0.6981649994850159, -0.41288822889328003, -0.36543744802474976, -0.993660032749176, -1.051124095916748, -0.4531894624233246, -1.234413743019104, 0.9903744459152222, 0.901286244392395, -1.0378153324127197, 0.15509991347789764, -0.827202558517456, -0.8805127143859863, -0.9786143898963928, -1.7259982824325562, 0.635369062423706]
0.018395575010339935;0.0387599840760231;[-0.5185599327087402, -1.0081130266189575, 1.2861562967300415, 0.9317789673805237, 0.889641284942627, -0.28550681471824646, -0.20033665001392365, 1.053556203842163, 0.6991099715232849, -0.41825994849205017, -0.36733657121658325, -0.9929493069648743, -1.0503300428390503, -0.4471226930618286, -1.234373688697815, 0.9896577000617981, 0.9005237817764282, -1.038021445274353, 0.15531256794929504, -0.8243080973625183, -0.8792020678520203, -0.9792320728302002, -1.7261757850646973, 0.6351147294044495]
0.018269259187666403;0.0387885645031929;[-0.5180779099464417, -1.0095936059951782, 1.289715051651001, 0.9314209222793579, 0.8887161016464233, -0.28553253412246704, -0.19979354739189148, 1.0536236763000488, 0.6984865665435791, -0.42412033677101135, -0.36811763048171997, -0.992251455783844, -1.0509995222091675, -0.44115230441093445, -1.2342593669891357, 0.9889214038848877, 0.8997790813446045, -1.0382331609725952, 0.15552784502506256, -0.8214073777198792, -0.8779382705688477, -0.9790311455726624, -1.7261829376220703, 0.6348205804824829]
0.018155788341649836;0.03880903869867325;[-0.5175749063491821, -1.0109058618545532, 1.2936664819717407, 0.9315705895423889, 0.8877682089805603, -0.28556302189826965, -0.1991858184337616, 1.0537017583847046, 0.6978855729103088, -0.429885596036911, -0.3692987561225891, -0.9915609955787659, -1.051609754562378, -0.43514183163642883, -1.2340706586837769, 0.9881932139396667, 0.8990174531936646, -1.0383697748184204, 0.15576134622097015, -0.8184878826141357, -0.8766697645187378, -0.9789023995399475, -1.72623610496521, 0.6338668465614319]
0.018018449405707283;0.03883811831474304;[-0.5170366764068604, -1.0124274492263794, 1.2984336614608765, 0.9313530921936035, 0.8868950009346008, -0.2855551540851593, -0.1987522840499878, 1.0537214279174805, 0.6987072229385376, -0.43535810708999634, -0.37120479345321655, -0.9907985925674438, -1.0509201288223267, -0.42900916934013367, -1.2340362071990967, 0.9874199032783508, 0.898313045501709, -1.0385099649429321, 0.15594244003295898, -0.8155367970466614, -0.8754857182502747, -0.9794790148735046, -1.726477861404419, 0.6336082816123962]
0.01753145112029116;0.03889477998018265;[-0.516451895236969, -1.0137989521026611, 1.302098274230957, 0.9309582114219666, 0.8868377804756165, -0.28565189242362976, -0.1991378366947174, 1.0529202222824097, 0.6981790661811829, -0.441859632730484, -0.3718491792678833, -0.9892124533653259, -1.050349235534668, -0.42233383655548096, -1.2348307371139526, 0.9858134984970093, 0.8984093070030212, -1.0379287004470825, 0.1561068445444107, -0.8117955923080444, -0.8751868605613708, -0.9804913997650146, -1.726981282234192, 0.634638249874115]
0.01736919587162549;0.038933753967285156;[-0.5158612728118896, -1.0152164697647095, 1.3057610988616943, 0.930719256401062, 0.8860211372375488, -0.2857395112514496, -0.1986108273267746, 1.0528829097747803, 0.697624683380127, -0.4476810693740845, -0.3727266788482666, -0.9884114265441895, -1.0507869720458984, -0.41622769832611084, -1.2347309589385986, 0.9849768280982971, 0.8977695107460022, -1.0380313396453857, 0.1563510000705719, -0.8087943196296692, -0.8740907311439514, -0.980466365814209, -1.7270128726959229, 0.6343767642974854]
0.01726811569463059;0.03896087408065796;[-0.5152361392974854, -1.0167330503463745, 1.3101916313171387, 0.9304051995277405, 0.8851030468940735, -0.28578421473503113, -0.19811169803142548, 1.0529561042785645, 0.6985902190208435, -0.45288634300231934, -0.37455010414123535, -0.9877058267593384, -1.050012230873108, -0.4100974202156067, -1.2346346378326416, 0.9842655062675476, 0.8970186114311218, -1.0382274389266968, 0.15659436583518982, -0.8059139251708984, -0.8728881478309631, -0.9810558557510376, -1.7271836996078491, 0.6340540647506714]
0.017145223595679483;0.03898976743221283;[-0.5145853161811829, -1.0182772874832153, 1.3135321140289307, 0.9299209117889404, 0.8841867446899414, -0.28575366735458374, -0.19756825268268585, 1.0530226230621338, 0.6979565620422363, -0.4585933983325958, -0.37523698806762695, -0.9870114326477051, -1.0506600141525269, -0.40406352281570435, -1.2345331907272339, 0.9835333824157715, 0.8962770104408264, -1.0384604930877686, 0.1568153351545334, -0.8030198812484741, -0.8717067837715149, -0.980857789516449, -1.727230429649353, 0.633916437625885]
0.017030948303267342;0.039016690105199814;[-0.5138924717903137, -1.0198593139648438, 1.3179800510406494, 0.9294037222862244, 0.883287787437439, -0.2858511209487915, -0.19710950553417206, 1.0530760288238525, 0.6988441348075867, -0.4639776349067688, -0.3769969344139099, -0.9862824082374573, -1.049909234046936, -0.397917240858078, -1.2344880104064941, 0.9827967882156372, 0.895543098449707, -1.0386724472045898, 0.15706443786621094, -0.8001165986061096, -0.8705408573150635, -0.9814040064811707, -1.7273352146148682, 0.6338837146759033]
0.01691597081948388;0.039040811359882355;[-0.5131808519363403, -1.0211050510406494, 1.3218483924865723, 0.9299071431159973, 0.8823907375335693, -0.28585460782051086, -0.1965140551328659, 1.0531134605407715, 0.6982609629631042, -0.4695225954055786, -0.37827256321907043, -0.9855636954307556, -1.0504939556121826, -0.3918280303478241, -1.2343181371688843, 0.9820436239242554, 0.8948315978050232, -1.0387115478515625, 0.15725842118263245, -0.7971922159194946, -0.8694037795066833, -0.981346607208252, -1.7274754047393799, 0.6326541900634766]
0.016414553070576824;0.03909343481063843;[-0.5123976469039917, -1.0223934650421143, 1.3246973752975464, 0.9297128319740295, 0.8829523921012878, -0.28595879673957825, -0.19680888950824738, 1.0521773099899292, 0.6976339221000671, -0.47603416442871094, -0.3784618675708771, -0.9838410019874573, -1.0498384237289429, -0.3876796364784241, -1.2350167036056519, 0.98030024766922, 0.8944569826126099, -1.0378884077072144, 0.15745317935943604, -0.7933154106140137, -0.8692654967308044, -0.9822149276733398, -1.7282137870788574, 0.6336590647697449]
0.016311199536172175;0.03913143277168274;[-0.5116066336631775, -1.0239309072494507, 1.3275909423828125, 0.9292984008789062, 0.8824933767318726, -0.28601837158203125, -0.19641253352165222, 1.0522551536560059, 0.6970183253288269, -0.4816933572292328, -0.37893378734588623, -0.9831520915031433, -1.05044686794281, -0.38422197103500366, -1.2350553274154663, 0.9795743227005005, 0.8931074142456055, -1.0380198955535889, 0.15766192972660065, -0.790412962436676, -0.868096113204956, -0.9818220138549805, -1.7283653020858765, 0.6334142684936523]
0.016228990007493914;0.039156436920166016;[-0.5107694864273071, -1.0255322456359863, 1.331130027770996, 0.9289104342460632, 0.8820666670799255, -0.2860749363899231, -0.19590121507644653, 1.05232834815979, 0.6978987455368042, -0.4867522716522217, -0.3802768886089325, -0.9824472665786743, -1.0497875213623047, -0.3807157576084137, -1.2349493503570557, 0.9788615703582764, 0.8917490243911743, -1.0381346940994263, 0.1578778624534607, -0.7875296473503113, -0.8669446110725403, -0.9821146130561829, -1.7286728620529175, 0.6331561803817749]
0.016112180080392915;0.0391792356967926;[-0.5098901391029358, -1.0270518064498901, 1.3346794843673706, 0.9284477829933167, 0.8811492919921875, -0.2860787510871887, -0.19533057510852814, 1.0523935556411743, 0.697334349155426, -0.4925060272216797, -0.3811717629432678, -0.9817542433738708, -1.0503536462783813, -0.3757874667644501, -1.2348263263702393, 0.9781329035758972, 0.8911853432655334, -1.0383771657943726, 0.15813641250133514, -0.7846474051475525, -0.8658039569854736, -0.9820054173469543, -1.7286553382873535, 0.6329913139343262]
0.016013218604658333;0.03920171782374382;[-0.50895756483078, -1.0286730527877808, 1.3383493423461914, 0.9279457926750183, 0.8804827928543091, -0.2861083447933197, -0.19482167065143585, 1.0524464845657349, 0.6982337832450867, -0.4979459047317505, -0.3827739357948303, -0.9810305237770081, -1.0496255159378052, -0.3726424276828766, -1.2347339391708374, 0.9774011969566345, 0.8903656005859375, -1.0385639667510986, 0.15836304426193237, -0.781766414642334, -0.8646742105484009, -0.9825688004493713, -1.7288110256195068, 0.6329221725463867]
0.015862375680398246;0.03922712802886963;[-0.5079946517944336, -1.0298413038253784, 1.3412076234817505, 0.9286706447601318, 0.8800452947616577, -0.2861270606517792, -0.1944338083267212, 1.05234694480896, 0.697638988494873, -0.503767728805542, -0.38386768102645874, -0.9801696538925171, -1.0500285625457764, -0.3701882064342499, -1.2347685098648071, 0.9765097498893738, 0.8895043730735779, -1.038407802581787, 0.15857388079166412, -0.7787163257598877, -0.8636924624443054, -0.9826169013977051, -1.7290786504745483, 0.631779134273529]
0.015467177839042588;0.039285674691200256;[-0.5069536566734314, -1.0312570333480835, 1.342759370803833, 0.9283270239830017, 0.8805766701698303, -0.2862616181373596, -0.19431504607200623, 1.051537036895752, 0.6970356702804565, -0.5102985501289368, -0.3837352693080902, -0.9785830974578857, -1.0495117902755737, -0.36906296014785767, -1.2350566387176514, 0.9748989343643188, 0.888526201248169, -1.0377174615859985, 0.1587601900100708, -0.7749960422515869, -0.8634396195411682, -0.9832375049591064, -1.7297502756118774, 0.632674515247345]
0.015397035007787819;0.03930922597646713;[-0.5058712363243103, -1.0328108072280884, 1.3458508253097534, 0.9279531240463257, 0.8799129128456116, -0.2863105535507202, -0.1938910186290741, 1.0516167879104614, 0.698028028011322, -0.5159118175506592, -0.38534969091415405, -0.9778887033462524, -1.048713207244873, -0.36665990948677063, -1.2350473403930664, 0.9742010235786438, 0.8875741362571716, -1.037908673286438, 0.15899905562400818, -0.7721757292747498, -0.8622903823852539, -0.9839146733283997, -1.7299106121063232, 0.632411003112793]
0.01530953799662364;0.03933339565992355;[-0.5047505497932434, -1.0343122482299805, 1.348086953163147, 0.9276502132415771, 0.8792901635169983, -0.28634312748908997, -0.19330047070980072, 1.0516830682754517, 0.6973981261253357, -0.5220271944999695, -0.3860059380531311, -0.9772026538848877, -1.0493643283843994, -0.3644699156284332, -1.2349021434783936, 0.9734785556793213, 0.88658607006073, -1.0381003618240356, 0.15920962393283844, -0.7693398594856262, -0.8611668944358826, -0.9836748838424683, -1.7299171686172485, 0.6320794224739075]
0.015216332128986378;0.03935467451810837;[-0.5035789608955383, -1.0357452630996704, 1.3502954244613647, 0.9276246428489685, 0.878707766532898, -0.28633010387420654, -0.19261722266674042, 1.051733136177063, 0.6966989040374756, -0.5281818509101868, -0.3867221176624298, -0.9764977097511292, -1.049996018409729, -0.3623904585838318, -1.2346607446670532, 0.9727362990379333, 0.8855525851249695, -1.038239598274231, 0.15943191945552826, -0.7664669156074524, -0.8600538969039917, -0.9834461212158203, -1.7300037145614624, 0.6315351128578186]
0.015138465109128096;0.03937844932079315;[-0.5026518106460571, -1.037306785583496, 1.3528907299041748, 0.9273541569709778, 0.878142774105072, -0.28632038831710815, -0.19212113320827484, 1.051790714263916, 0.6975767612457275, -0.5339832901954651, -0.3880571722984314, -0.9757874608039856, -1.0493292808532715, -0.3603920340538025, -1.2345772981643677, 0.9720184206962585, 0.884454071521759, -1.03839111328125, 0.15966708958148956, -0.7636346817016602, -0.8588792085647583, -0.9840662479400635, -1.7302368879318237, 0.6312288641929626]
0.014907970603283492;0.039416901767253876;[-0.5021699666976929, -1.0389522314071655, 1.3544539213180542, 0.926406741142273, 0.8780173659324646, -0.2862955629825592, -0.19206643104553223, 1.0514808893203735, 0.6969744563102722, -0.5406145453453064, -0.3881947100162506, -0.9747070074081421, -1.0494426488876343, -0.35893771052360535, -1.2349623441696167, 0.9709119200706482, 0.883256733417511, -1.0382401943206787, 0.15989336371421814, -0.7604318261146545, -0.8579757809638977, -0.9841338992118835, -1.7306082248687744, 0.6319049000740051]
0.014617495820640517;0.03946489840745926;[-0.5014935731887817, -1.0401461124420166, 1.3561357259750366, 0.9269376397132874, 0.8781687021255493, -0.2864669859409332, -0.19206562638282776, 1.0509135723114014, 0.6963900327682495, -0.5472821593284607, -0.3886491060256958, -0.9733782410621643, -1.0492274761199951, -0.35781463980674744, -1.2353649139404297, 0.9695605635643005, 0.8819738030433655, -1.037642002105713, 0.16010092198848724, -0.756987452507019, -0.8573610782623291, -0.9846371412277222, -1.7311534881591797, 0.6316618323326111]
0.014545462667409194;0.03948792442679405;[-0.5008288621902466, -1.0417200326919556, 1.3586606979370117, 0.9265778660774231, 0.8776364922523499, -0.2865174114704132, -0.19153903424739838, 1.050987958908081, 0.6973037123680115, -0.5530327558517456, -0.38996872305870056, -0.9726843237876892, -1.0485209226608276, -0.3559800386428833, -1.2352522611618042, 0.9688622951507568, 0.880662202835083, -1.0377980470657349, 0.16034391522407532, -0.7541888952255249, -0.8561142683029175, -0.9851752519607544, -1.731353521347046, 0.6313917636871338]
0.01443640357431993;0.03950919210910797;[-0.500110924243927, -1.0432013273239136, 1.361064076423645, 0.9264036417007446, 0.8768537044525146, -0.2865379750728607, -0.1909560263156891, 1.0510519742965698, 0.6967427730560303, -0.5593724250793457, -0.3908608555793762, -0.972000002861023, -1.0490951538085938, -0.35345718264579773, -1.2351155281066895, 0.9681451916694641, 0.8801127672195435, -1.03800368309021, 0.16055279970169067, -0.7513716816902161, -0.8548799157142639, -0.9850974082946777, -1.7313032150268555, 0.630950391292572]
0.01436297091295693;0.03953251242637634;[-0.4995197057723999, -1.0449169874191284, 1.3632335662841797, 0.9255511164665222, 0.8765068054199219, -0.2865559160709381, -0.1904507428407669, 1.051108717918396, 0.6976805329322815, -0.5651959180831909, -0.3918531835079193, -0.9712752103805542, -1.0483180284500122, -0.35214731097221375, -1.2350263595581055, 0.9674156308174133, 0.8782851099967957, -1.038171648979187, 0.16081586480140686, -0.7485269904136658, -0.8536218404769897, -0.9854642152786255, -1.7315961122512817, 0.6311716437339783]
0.014223232188931057;0.03955601900815964;[-0.49908608198165894, -1.0464578866958618, 1.3651232719421387, 0.925227165222168, 0.8760045170783997, -0.28660446405410767, -0.1895464062690735, 1.051073431968689, 0.6970908641815186, -0.5713900923728943, -0.39225339889526367, -0.9704826474189758, -1.0487921237945557, -0.35020342469215393, -1.2345657348632812, 0.9665894508361816, 0.8772765398025513, -1.0382753610610962, 0.16104060411453247, -0.7455899119377136, -0.8524442315101624, -0.9853076934814453, -1.7316471338272095, 0.6310482025146484]
0.013807023211801621;0.039612576365470886;[-0.49855679273605347, -1.0475318431854248, 1.3675867319107056, 0.925957202911377, 0.8760871887207031, -0.2867250144481659, -0.18996268510818481, 1.0502005815505981, 0.6964547634124756, -0.5784720778465271, -0.39310604333877563, -0.9688445329666138, -1.0482356548309326, -0.3480056822299957, -1.2353790998458862, 0.964935302734375, 0.8773208856582642, -1.037424921989441, 0.16116592288017273, -0.7418566942214966, -0.8520809412002563, -0.9864530563354492, -1.732361912727356, 0.6309390664100647]
0.01370633723641643;0.03963704779744148;[-0.4979269802570343, -1.0490206480026245, 1.3698073625564575, 0.9255577325820923, 0.8754801154136658, -0.28671586513519287, -0.18955257534980774, 1.050278663635254, 0.6957262754440308, -0.5849199295043945, -0.3936839699745178, -0.9681617021560669, -1.0489203929901123, -0.34590059518814087, -1.2354196310043335, 0.9642161726951599, 0.8762080073356628, -1.0376007556915283, 0.16143247485160828, -0.7390152812004089, -0.8508007526397705, -0.9860983490943909, -1.7324498891830444, 0.6306907534599304]
0.013673075524213622;0.0396549254655838;[-0.4955081641674042, -1.050506591796875, 1.3726633787155151, 0.9252262711524963, 0.8749376535415649, -0.28671300411224365, -0.1887793093919754, 1.0503349304199219, 0.6965697407722473, -0.5906018614768982, -0.39516857266426086, -0.9674562811851501, -1.0482810735702515, -0.34380218386650085, -1.2350696325302124, 0.9634937644004822, 0.8750527501106262, -1.037841796875, 0.16166405379772186, -0.7361698746681213, -0.8502675294876099, -0.9868854880332947, -1.7325983047485352, 0.6304095387458801]
0.013447391681169204;0.03968221694231033;[-0.49469730257987976, -1.0519386529922485, 1.3754613399505615, 0.9248231053352356, 0.8743069767951965, -0.28675317764282227, -0.1884879320859909, 1.0500999689102173, 0.6959006786346436, -0.5973347425460815, -0.39601054787635803, -0.9664480090141296, -1.0485444068908691, -0.3407079875469208, -1.235232949256897, 0.962451159954071, 0.8749304413795471, -1.0378499031066895, 0.16188642382621765, -0.7329898476600647, -0.8496150970458984, -0.9873307347297668, -1.7326430082321167, 0.6307090520858765]
0.013105630757165277;0.039732325822114944;[-0.4946885108947754, -1.0531420707702637, 1.3772969245910645, 0.9253372550010681, 0.8746286034584045, -0.2868513762950897, -0.1883029192686081, 1.0493966341018677, 0.6952466368675232, -0.6041174530982971, -0.39638257026672363, -0.9649649858474731, -1.0482069253921509, -0.33952364325523376, -1.2354456186294556, 0.9609410166740417, 0.8738699555397034, -1.0371452569961548, 0.16203229129314423, -0.7293463945388794, -0.8489322662353516, -0.9878606200218201, -1.7333879470825195, 0.6304851174354553]
0.013039490600913929;0.039753563702106476;[-0.49335506558418274, -1.0546376705169678, 1.3801378011703491, 0.9249605536460876, 0.8740910291671753, -0.28687071800231934, -0.18767908215522766, 1.0494632720947266, 0.6960974335670471, -0.6097168326377869, -0.3977890610694885, -0.9642517566680908, -1.0475493669509888, -0.3374845087528229, -1.2352434396743774, 0.9602115750312805, 0.8726133108139038, -1.0373767614364624, 0.16228438913822174, -0.7264516949653625, -0.8482024073600769, -0.9886999130249023, -1.733546257019043, 0.6302326321601868]
0.012924450603025968;0.039768073707818985;[-0.49221092462539673, -1.0559355020523071, 1.3831169605255127, 0.9251967668533325, 0.873196542263031, -0.2868785262107849, -0.18713818490505219, 1.049497365951538, 0.6953950524330139, -0.6158936023712158, -0.399006724357605, -0.9635170698165894, -1.0482070446014404, -0.33433449268341064, -1.235159993171692, 0.9594335556030273, 0.8722957372665405, -1.0375720262527466, 0.162462055683136, -0.7234806418418884, -0.847443163394928, -0.9890388250350952, -1.7334723472595215, 0.6293511390686035]
0.012771898546121433;0.039796382188797;[-0.49140164256095886, -1.057727336883545, 1.3852427005767822, 0.9240664839744568, 0.8728407621383667, -0.28690943121910095, -0.1860358715057373, 1.0493743419647217, 0.695997416973114, -0.6218100786209106, -0.3996778130531311, -0.9626041650772095, -1.047489047050476, -0.3324180245399475, -1.2344945669174194, 0.9584972262382507, 0.8712270855903625, -1.0377637147903442, 0.16270163655281067, -0.7203723192214966, -0.8466476202011108, -0.9898526072502136, -1.733595371246338, 0.6301984786987305]
0.012418988875858494;0.03985495865345001;[-0.4915037453174591, -1.0588431358337402, 1.3869985342025757, 0.9247056841850281, 0.8731993436813354, -0.2870725989341736, -0.1866658627986908, 1.0485788583755493, 0.6956191658973694, -0.6285361647605896, -0.4001854360103607, -0.9610167741775513, -1.046805739402771, -0.3315292000770569, -1.2355071306228638, 0.956895112991333, 0.870181679725647, -1.036910891532898, 0.16289082169532776, -0.7166231870651245, -0.8458043336868286, -0.9907921552658081, -1.7344413995742798, 0.6300361752510071]
0.012328800329185867;0.03987717628479004;[-0.4904504716396332, -1.0602868795394897, 1.3900601863861084, 0.9243312478065491, 0.872717022895813, -0.2870158553123474, -0.18606238067150116, 1.0486477613449097, 0.6949341893196106, -0.6352459788322449, -0.4016234576702118, -0.9603243470191956, -1.0475128889083862, -0.328236848115921, -1.2353895902633667, 0.9561522603034973, 0.8688210248947144, -1.0373101234436035, 0.1631035953760147, -0.7137157320976257, -0.8449300527572632, -0.9913873672485352, -1.734039545059204, 0.6297600269317627]
0.012234879615107889;0.03989376872777939;[-0.4895288646221161, -1.061916708946228, 1.3924458026885986, 0.9237973690032959, 0.8729110956192017, -0.28698238730430603, -0.18497015535831451, 1.048665165901184, 0.695759654045105, -0.6411766409873962, -0.4029294550418854, -0.9595510363578796, -1.046776294708252, -0.32634180784225464, -1.2347350120544434, 0.9553529620170593, 0.8668978810310364, -1.0375615358352661, 0.1633259654045105, -0.7107234597206116, -0.8440064191818237, -0.9924283027648926, -1.734055995941162, 0.6298093795776367]
0.011808555385953799;0.03995531052350998;[-0.4898417592048645, -1.0630258321762085, 1.394280195236206, 0.9244515299797058, 0.8727496862411499, -0.28712156414985657, -0.1855081170797348, 1.047684907913208, 0.6951723098754883, -0.6484769582748413, -0.40351319313049316, -0.9577798247337341, -1.0460295677185059, -0.32494181394577026, -1.2356613874435425, 0.9535625576972961, 0.8674560785293579, -1.0366909503936768, 0.16350442171096802, -0.7067923545837402, -0.8430358171463013, -0.9939975142478943, -1.7348119020462036, 0.6298583149909973]
0.011710666597113643;0.03997601568698883;[-0.4888635277748108, -1.0644855499267578, 1.3966857194900513, 0.9241864085197449, 0.8726628422737122, -0.28708136081695557, -0.18491657078266144, 1.0477546453475952, 0.6944987773895264, -0.6550538539886475, -0.4045921564102173, -0.9570716619491577, -1.0467450618743896, -0.32249727845191956, -1.2355424165725708, 0.9528007507324219, 0.8661043643951416, -1.0369943380355835, 0.16368848085403442, -0.7038160562515259, -0.842018187046051, -0.9942548274993896, -1.7345948219299316, 0.6294403076171875]
0.011621383065559933;0.039995864033699036;[-0.48793190717697144, -1.065894603729248, 1.399470567703247, 0.9241194725036621, 0.8725746870040894, -0.28706255555152893, -0.18432416021823883, 1.0478147268295288, 0.695374608039856, -0.6610503196716309, -0.4062718152999878, -0.9563382863998413, -1.0460171699523926, -0.3200417757034302, -1.2353863716125488, 0.9520444273948669, 0.8649279475212097, -1.0372520685195923, 0.1639474630355835, -0.7008335590362549, -0.8409386873245239, -0.9958488345146179, -1.7345459461212158, 0.6288831233978271]
0.011225989944364183;0.04005524143576622;[-0.48814716935157776, -1.0672581195831299, 1.401012897491455, 0.9242008328437805, 0.872400164604187, -0.28715693950653076, -0.1844445914030075, 1.046897053718567, 0.6947658658027649, -0.6681613326072693, -0.40656885504722595, -0.9546187520027161, -1.0453609228134155, -0.31854116916656494, -1.2359137535095215, 0.950297474861145, 0.8652487993240356, -1.036546230316162, 0.16413521766662598, -0.6968968510627747, -0.839819073677063, -0.9972947239875793, -1.7351711988449097, 0.6295159459114075]
0.011095008234005636;0.04008277505636215;[-0.4873480498790741, -1.0687618255615234, 1.403123140335083, 0.9237999320030212, 0.8722904324531555, -0.2871605455875397, -0.18387551605701447, 1.0468600988388062, 0.6941403746604919, -0.6746607422828674, -0.4074137806892395, -0.9538025856018066, -1.0459012985229492, -0.31620511412620544, -1.2358118295669556, 0.9494286775588989, 0.864281415939331, -1.0367686748504639, 0.16435031592845917, -0.6937968134880066, -0.8386402130126953, -0.99770587682724, -1.7350138425827026, 0.6293850541114807]
0.01100792904147602;0.04010502249002457;[-0.4864479601383209, -1.0703036785125732, 1.4056771993637085, 0.9235122203826904, 0.8721884489059448, -0.2871910035610199, -0.1832607388496399, 1.0469307899475098, 0.6950284242630005, -0.6804888248443604, -0.4088999629020691, -0.9530782699584961, -1.0451587438583374, -0.313745379447937, -1.2356367111206055, 0.9486808776855469, 0.8632372617721558, -1.0370692014694214, 0.1645643711090088, -0.6908033490180969, -0.8373894691467285, -0.9993872046470642, -1.7348960638046265, 0.629027783870697]
0.010892705873099455;0.040127746760845184;[-0.4856032133102417, -1.0719467401504517, 1.4076815843582153, 0.9226363301277161, 0.8720812201499939, -0.28715184330940247, -0.1826167106628418, 1.0469635725021362, 0.6944428086280823, -0.6868836879730225, -0.40962910652160645, -0.9523215889930725, -1.0457526445388794, -0.3113235533237457, -1.2354732751846313, 0.9478713274002075, 0.8622934222221375, -1.0374186038970947, 0.1648065447807312, -0.687743604183197, -0.8360890746116638, -0.999708890914917, -1.7346585988998413, 0.6292322874069214]
0.010536427532993515;0.04018767178058624;[-0.4857591688632965, -1.0731309652328491, 1.4094257354736328, 0.9233645796775818, 0.8718649744987488, -0.2872265875339508, -0.18295539915561676, 1.0460810661315918, 0.6940112709999084, -0.6938899159431458, -0.410246342420578, -0.9506410360336304, -1.0449976921081543, -0.3097912669181824, -1.236207127571106, 0.946162223815918, 0.8625019788742065, -1.0366346836090088, 0.16500383615493774, -0.6838139891624451, -0.8347183465957642, -1.0014729499816895, -1.7353672981262207, 0.6291952133178711]
0.010423531344921919;0.04021528363227844;[-0.48500576615333557, -1.0746455192565918, 1.4118472337722778, 0.9231392741203308, 0.871733546257019, -0.2872464656829834, -0.18240748345851898, 1.0460481643676758, 0.6947221755981445, -0.6999087929725647, -0.41161149740219116, -0.9498159289360046, -1.044272541999817, -0.3074460029602051, -1.2360957860946655, 0.9453122615814209, 0.8616735339164734, -1.0368202924728394, 0.16521760821342468, -0.6807312965393066, -0.8332716822624207, -1.0031756162643433, -1.735336184501648, 0.6289132833480835]
0.01032663909852644;0.04023822396993637;[-0.48415929079055786, -1.0760817527770996, 1.4139649868011475, 0.922916829586029, 0.8716051578521729, -0.28722578287124634, -0.1816660612821579, 1.0461089611053467, 0.6941430568695068, -0.706253170967102, -0.41253525018692017, -0.9490990042686462, -1.0449122190475464, -0.305010586977005, -1.2358243465423584, 0.9445396661758423, 0.8607590198516846, -1.0371168851852417, 0.16546805202960968, -0.6777073740959167, -0.8317663073539734, -1.003542423248291, -1.7351232767105103, 0.6284948587417603]
0.010231453038698457;0.04025903716683388;[-0.48335567116737366, -1.0775693655014038, 1.4164904356002808, 0.9230049848556519, 0.8714719414710999, -0.2871955931186676, -0.18095770478248596, 1.0461351871490479, 0.6950563192367554, -0.7121116518974304, -0.4140457212924957, -0.948327362537384, -1.044071912765503, -0.30257391929626465, -1.2355482578277588, 0.9437438249588013, 0.8599054217338562, -1.037330985069275, 0.16565021872520447, -0.6746415495872498, -0.8301704525947571, -1.0054670572280884, -1.7351198196411133, 0.6279014945030212]
0.010081191290403552;0.04029276594519615;[-0.482741117477417, -1.0790088176727295, 1.4184409379959106, 0.9228492379188538, 0.8713034391403198, -0.2872928977012634, -0.18070031702518463, 1.0459867715835571, 0.6944972276687622, -0.7185335755348206, -0.4148339629173279, -0.947392463684082, -1.0444108247756958, -0.300348699092865, -1.2357490062713623, 0.9427624940872192, 0.8592689633369446, -1.0374009609222412, 0.16585907340049744, -0.6714092493057251, -0.8285037279129028, -1.006198525428772, -1.7350212335586548, 0.6277406811714172]
0.009780517712494068;0.040352270007133484;[-0.48277175426483154, -1.080478549003601, 1.419892430305481, 0.922461986541748, 0.8710488677024841, -0.2872682213783264, -0.18083639442920685, 1.045231819152832, 0.693863570690155, -0.7255107164382935, -0.41510966420173645, -0.9458509087562561, -1.0440073013305664, -0.29874229431152344, -1.23630690574646, 0.9411823153495789, 0.8593235015869141, -1.0368883609771729, 0.16609860956668854, -0.6676228642463684, -0.8267612457275391, -1.0075719356536865, -1.735581398010254, 0.628438413143158]
0.009689726823026932;0.04037773236632347;[-0.48194050788879395, -1.0819469690322876, 1.4219419956207275, 0.9221400022506714, 0.8708907961845398, -0.28726786375045776, -0.18024234473705292, 1.0453002452850342, 0.6931572556495667, -0.7318536639213562, -0.4159739911556244, -0.9451438784599304, -1.0447056293487549, -0.2963100075721741, -1.23618483543396, 0.9404171109199524, 0.8584580421447754, -1.0371983051300049, 0.1663450300693512, -0.6645908355712891, -0.8249297142028809, -1.0078810453414917, -1.735335111618042, 0.6280933022499084]
0.009620204671242414;0.04039954021573067;[-0.48115429282188416, -1.0836533308029175, 1.4243444204330444, 0.9214476346969604, 0.8701304197311401, -0.2872202694416046, -0.1791779100894928, 1.0453442335128784, 0.6940048336982727, -0.7378823161125183, -0.4173217713832855, -0.9444098472595215, -1.0440107583999634, -0.29370781779289246, -1.235571026802063, 0.9396524429321289, 0.8578550815582275, -1.037597417831421, 0.1665564626455307, -0.6615937948226929, -0.8230093717575073, -1.0098947286605835, -1.7350877523422241, 0.6280951499938965]
0.00945968985260869;0.040436603128910065;[-0.4813823699951172, -1.0852305889129639, 1.425663709640503, 0.9210861921310425, 0.8706952333450317, -0.2872866988182068, -0.17904305458068848, 1.045146107673645, 0.6933135986328125, -0.7445793747901917, -0.4176463782787323, -0.9434134364128113, -1.0443675518035889, -0.2924850285053253, -1.2358763217926025, 0.938612163066864, 0.8569468855857849, -1.0374717712402344, 0.16682367026805878, -0.658305287361145, -0.8194800615310669, -1.0097157955169678, -1.735299825668335, 0.6281810998916626]
0.00917181164427579;0.04048804193735123;[-0.48111724853515625, -1.0864143371582031, 1.4272544384002686, 0.9217935800552368, 0.8704138398170471, -0.28734472393989563, -0.17915236949920654, 1.0444108247756958, 0.6926881670951843, -0.7517079710960388, -0.41825079917907715, -0.9418997764587402, -1.0439828634262085, -0.2910906672477722, -1.236396074295044, 0.9370579719543457, 0.8569692373275757, -1.036877155303955, 0.16700369119644165, -0.6545423865318298, -0.8186522126197815, -1.0111587047576904, -1.7358254194259644, 0.6279707551002502]
0.009097083938560683;0.040511585772037506;[-0.4808293282985687, -1.0880192518234253, 1.42953622341156, 0.9213969111442566, 0.8699147701263428, -0.2873474359512329, -0.17858603596687317, 1.0444865226745605, 0.6935527324676514, -0.7580868005752563, -0.4196285605430603, -0.9411842226982117, -1.0433003902435303, -0.2889929413795471, -1.2362661361694336, 0.9363223910331726, 0.8561856746673584, -1.0371536016464233, 0.16725857555866241, -0.6515933871269226, -0.8165559768676758, -1.0124090909957886, -1.735715627670288, 0.6277198791503906]
0.008941997670762519;0.04053187370300293;[-0.480535089969635, -1.0893936157226562, 1.4310145378112793, 0.9218782186508179, 0.8703296780586243, -0.2873171865940094, -0.1777856945991516, 1.0443392992019653, 0.6928529143333435, -0.7647339105606079, -0.42025241255760193, -0.9402430653572083, -1.043740153312683, -0.28766584396362305, -1.2359058856964111, 0.9353309273719788, 0.855273962020874, -1.0370755195617676, 0.16742481291294098, -0.648337185382843, -0.8150140643119812, -1.0125200748443604, -1.7358595132827759, 0.626923680305481]
0.008634185887467009;0.040590062737464905;[-0.4802134335041046, -1.09079110622406, 1.4323643445968628, 0.9215385317802429, 0.8700293898582458, -0.2874462604522705, -0.17802733182907104, 1.0435079336166382, 0.6922435164451599, -0.7723585367202759, -0.4205429255962372, -0.9386166930198669, -1.0432100296020508, -0.2864539623260498, -1.236568808555603, 0.9336669445037842, 0.8553998470306396, -1.0365391969680786, 0.1676616370677948, -0.6444841623306274, -0.8145595192909241, -1.0139514207839966, -1.7363173961639404, 0.6277803778648376]
0.008552215711708002;0.040613431483507156;[-0.47987988591194153, -1.0924204587936401, 1.4345916509628296, 0.9211491346359253, 0.8698387742042542, -0.287445604801178, -0.17747709155082703, 1.0435874462127686, 0.6931357979774475, -0.7787104845046997, -0.42189809679985046, -0.9378988742828369, -1.0424906015396118, -0.2844962775707245, -1.2364519834518433, 0.9329307079315186, 0.8545137643814087, -1.0367910861968994, 0.16789381206035614, -0.641528844833374, -0.8128586411476135, -1.0149928331375122, -1.7362747192382812, 0.6275096535682678]
0.008462123307254986;0.04063473641872406;[-0.4795295298099518, -1.0940083265304565, 1.4367228746414185, 0.9205424785614014, 0.868800938129425, -0.28741443157196045, -0.1768786609172821, 1.0436453819274902, 0.6925546526908875, -0.7858579158782959, -0.42286938428878784, -0.9371703863143921, -1.0431002378463745, -0.28218433260917664, -1.236331582069397, 0.9321550130844116, 0.8539188504219055, -1.0371448993682861, 0.16816282272338867, -0.6385380029678345, -0.811282217502594, -1.015275478363037, -1.735955834388733, 0.6275116205215454]
